ID,Email,Timestamp,Region,Latitude,Longitude,"Network Category","Network Type",Operator,"RSRP (dBm)","RSRQ (dB)","SINR (dB)","RSSI (dBm)","Cell ID",eNB,TAC,PCI,"Data State",Roaming,"Device Model",Platform,"OS Version","IP Address"
1125,Anonymous,"2026-02-11 16:51:06","Addis Ababa",9.0165108,38.8921179,4G,"4G LTE",,-81,-10,,,7,113052,11206,384,,No,,,,
1124,Anonymous,"2026-02-11 16:49:48","Addis Ababa",9.0165108,38.8921179,4G,"4G LTE",,-83,-12,,,7,113052,11206,384,,No,,,,
1123,Anonymous,"2026-02-11 16:49:43","Addis Ababa",9.0165034,38.8921134,4G,"4G LTE",,-83,-12,,,7,113052,11206,384,,No,,,,
1122,Anonymous,"2026-02-11 16:49:18","Addis Ababa",9.0165034,38.8921134,4G,"4G LTE",,-81,-12,,,7,113052,11206,384,,No,,,,
1121,Anonymous,"2026-02-11 16:49:05","Addis Ababa",9.0165146,38.8921233,4G,"4G LTE",,-81,-12,,,7,113052,11206,384,,No,,,,
1120,Anonymous,"2026-02-11 16:48:53","Addis Ababa",9.0165146,38.8921233,4G,"4G LTE",,-80,-10,,,7,113052,11206,384,,No,,,,
1119,Anonymous,"2026-02-11 16:48:48","Addis Ababa",9.0165146,38.8921233,4G,"4G LTE",,-82,-12,,,7,113052,11206,384,,No,,,,
1118,Anonymous,"2026-02-11 16:48:18","Addis Ababa",9.0165096,38.8921246,4G,"4G LTE",,-82,-12,,,7,113052,11206,384,,No,,,,
1117,Anonymous,"2026-02-11 16:47:55","Addis Ababa",9.0165092,38.8921101,4G,"4G LTE",,-82,-11,,,7,113052,11206,384,,No,,,,
1116,Anonymous,"2026-02-11 16:47:48","Addis Ababa",9.0165092,38.8921101,4G,"4G LTE",,-81,-11,,,7,113052,11206,384,,No,,,,
1115,Anonymous,"2026-02-11 16:47:25","Addis Ababa",9.0165201,38.8921189,4G,"4G LTE",,-81,-10,,,7,113052,11206,384,,No,,,,
1114,Anonymous,"2026-02-11 16:47:18","Addis Ababa",9.0165201,38.8921189,4G,"4G LTE",,-79,-7,,,7,113052,11206,384,,No,,,,
1113,Anonymous,"2026-02-11 16:47:07","Addis Ababa",9.0165556,38.8921526,4G,"4G LTE",,-79,-7,,,7,113052,11206,384,,No,,,,
1112,Anonymous,"2026-02-11 16:46:48","Addis Ababa",9.0165556,38.8921526,4G,"4G LTE",,-81,-10,,,7,113052,11206,384,,No,,,,
1111,Anonymous,"2026-02-11 16:46:45","Addis Ababa",9.0165108,38.8921180,4G,"4G LTE",,-81,-10,,,7,113052,11206,384,,No,,,,
1110,Anonymous,"2026-02-11 16:46:25","Addis Ababa",9.0165108,38.8921180,4G,"4G LTE",,-78,-10,,,7,113052,11206,384,,No,,,,
1109,Anonymous,"2026-02-11 16:46:18","Addis Ababa",9.0165108,38.8921180,4G,"4G LTE",,-79,-5,,,7,113052,11206,384,,No,,,,
1108,Anonymous,"2026-02-11 16:46:03","Addis Ababa",9.0165624,38.8921580,4G,"4G LTE",,-79,-5,,,7,113052,11206,384,,No,,,,
1107,Anonymous,"2026-02-11 16:45:47","Addis Ababa",9.0165624,38.8921580,4G,"4G LTE",,-78,-5,,,7,113052,11206,384,,No,,,,
1106,Anonymous,"2026-02-11 16:45:45","Addis Ababa",9.0165624,38.8921580,4G,"4G LTE",,-80,-7,,,7,113052,11206,384,,No,,,,
1105,Anonymous,"2026-02-11 13:39:07","Addis Ababa",9.0023363,38.7668184,4G,"4G LTE",,-80,-8,,,4,113955,11243,97,,No,,,,
1104,Anonymous,"2026-02-11 13:38:59","Addis Ababa",9.0023363,38.7668184,4G,"4G LTE",,-82,-6,,,4,113955,11243,97,,No,,,,
1103,Anonymous,"2026-02-11 13:38:57","Addis Ababa",9.0023744,38.7668047,4G,"4G LTE",,-82,-6,,,4,113955,11243,97,,No,,,,
1102,Anonymous,"2026-02-11 13:38:47","Addis Ababa",9.0023744,38.7668047,4G,"4G LTE",,-71,-6,,,4,113955,11243,97,,No,,,,
1101,Anonymous,"2026-02-11 13:38:29","Addis Ababa",9.0023744,38.7668047,4G,"4G LTE",,-80,-5,,,4,113955,11243,97,,No,,,,
1100,Anonymous,"2026-02-11 13:38:29","Addis Ababa",9.0023325,38.7668192,4G,"4G LTE",,-80,-5,,,4,113955,11243,97,,No,,,,
1099,Anonymous,"2026-02-11 13:35:45","Addis Ababa",9.0023325,38.7668192,4G,"4G LTE",,-74,-6,,,4,113955,11243,97,,No,,,,
1098,Anonymous,"2026-02-11 13:35:26","Addis Ababa",9.0023325,38.7668192,4G,"4G LTE",,-82,-6,,,4,113955,11243,97,,No,,,,
1097,Anonymous,"2026-02-11 13:35:22","Addis Ababa",9.0023333,38.7668225,4G,"4G LTE",,-82,-6,,,4,113955,11243,97,,No,,,,
1096,Anonymous,"2026-02-11 13:35:04","Addis Ababa",9.0023333,38.7668225,4G,"4G LTE",,-73,-5,,,4,113955,11243,97,,No,,,,
1095,Anonymous,"2026-02-11 13:34:58","Addis Ababa",9.0023333,38.7668225,4G,"4G LTE",,-79,-5,,,4,113955,11243,97,,No,,,,
1094,Anonymous,"2026-02-11 13:33:36","Addis Ababa",9.0023930,38.7668556,4G,"4G LTE",,-73,-7,,,4,113955,11243,97,,No,,,,
1093,Anonymous,"2026-02-11 13:33:34","Addis Ababa",9.0023930,38.7668556,4G,"4G LTE",,-81,-7,,,4,113955,11243,97,,No,,,,
1092,Anonymous,"2026-02-11 13:33:03","Addis Ababa",9.0023494,38.7668118,4G,"4G LTE",,-81,-7,,,4,113955,11243,97,,No,,,,
1091,Anonymous,"2026-02-11 13:32:53","Addis Ababa",9.0023494,38.7668118,4G,"4G LTE",,-79,-5,,,4,113955,11243,97,,No,,,,
1090,Anonymous,"2026-02-11 13:32:47","Addis Ababa",9.0023494,38.7668118,4G,"4G LTE",,-74,-6,,,4,113955,11243,97,,No,,,,
1089,Anonymous,"2026-02-11 13:32:35","Addis Ababa",9.0023425,38.7668055,4G,"4G LTE",,-74,-6,,,4,113955,11243,97,,No,,,,
1088,Anonymous,"2026-02-11 13:32:17","Addis Ababa",9.0023425,38.7668055,4G,"4G LTE",,-75,-6,,,4,113955,11243,97,,No,,,,
1087,Anonymous,"2026-02-11 13:32:15","Addis Ababa",9.0023485,38.7668160,4G,"4G LTE",,-75,-6,,,4,113955,11243,97,,No,,,,
1086,Anonymous,"2026-02-11 13:32:05","Addis Ababa",9.0023485,38.7668160,4G,"4G LTE",,-79,-6,,,4,113955,11243,97,,No,,,,
1085,Anonymous,"2026-02-11 13:31:57","Addis Ababa",9.0023485,38.7668160,4G,"4G LTE",,-74,-7,,,4,113955,11243,97,,No,,,,
1084,Anonymous,"2026-02-11 13:31:55","Addis Ababa",9.0023332,38.7668139,4G,"4G LTE",,-74,-7,,,4,113955,11243,97,,No,,,,
1083,Anonymous,"2026-02-11 13:31:41","Addis Ababa",9.0023332,38.7668139,4G,"4G LTE",,-77,-7,,,4,113955,11243,97,,No,,,,
1082,Anonymous,"2026-02-11 13:31:31","Addis Ababa",9.0023332,38.7668139,4G,"4G LTE",,-78,-7,,,4,113955,11243,97,,No,,,,
1081,Anonymous,"2026-02-11 13:31:17","Addis Ababa",9.0023332,38.7668139,4G,"4G LTE",,-73,-7,,,4,113955,11243,97,,No,,,,
1080,Anonymous,"2026-02-11 13:31:11","Addis Ababa",9.0023359,38.7668135,4G,"4G LTE",,-73,-7,,,4,113955,11243,97,,No,,,,
1079,Anonymous,"2026-02-11 13:30:53","Addis Ababa",9.0023359,38.7668135,4G,"4G LTE",,-77,-7,,,4,113955,11243,97,,No,,,,
1078,Anonymous,"2026-02-11 13:30:47","Addis Ababa",9.0023359,38.7668135,4G,"4G LTE",,-76,-7,,,4,113955,11243,97,,No,,,,
1077,Anonymous,"2026-02-11 13:30:35","Addis Ababa",9.0023504,38.7668105,4G,"4G LTE",,-76,-7,,,4,113955,11243,97,,No,,,,
1076,Anonymous,"2026-02-11 13:30:23","Addis Ababa",9.0023504,38.7668105,4G,"4G LTE",,-82,-7,,,4,113955,11243,97,,No,,,,
1075,Anonymous,"2026-02-11 13:30:18","Addis Ababa",9.0023504,38.7668105,4G,"4G LTE",,-85,-7,,,4,113955,11243,97,,No,,,,
1074,Anonymous,"2026-02-11 11:36:56","Addis Ababa",9.0023147,38.7668122,4G,"4G LTE",,-87,-11,,,4,113955,11243,97,,No,,,,
1073,Anonymous,"2026-02-11 11:36:40","Addis Ababa",9.0023147,38.7668122,4G,"4G LTE",,-84,-9,,,4,113955,11243,97,,No,,,,
1072,Anonymous,"2026-02-11 11:36:38","Addis Ababa",9.0023260,38.7668216,4G,"4G LTE",,-84,-9,,,4,113955,11243,97,,No,,,,
1071,Anonymous,"2026-02-11 11:36:26","Addis Ababa",9.0023260,38.7668216,4G,"4G LTE",,-85,-10,,,4,113955,11243,97,,No,,,,
1070,Anonymous,"2026-02-11 11:36:10","Addis Ababa",9.0023260,38.7668216,4G,"4G LTE",,-84,-10,,,4,113955,11243,97,,No,,,,
1069,Anonymous,"2026-02-11 11:35:46","Addis Ababa",9.0023009,38.7668111,4G,"4G LTE",,-84,-9,,,4,113955,11243,97,,No,,,,
1068,Anonymous,"2026-02-11 11:35:40","Addis Ababa",9.0023009,38.7668111,4G,"4G LTE",,-86,-11,,,4,113955,11243,97,,No,,,,
1067,Anonymous,"2026-02-11 11:35:26","Addis Ababa",9.0023060,38.7668112,4G,"4G LTE",,-86,-11,,,4,113955,11243,97,,No,,,,
1066,Anonymous,"2026-02-11 11:35:16","Addis Ababa",9.0023060,38.7668112,4G,"4G LTE",,-88,-12,,,4,113955,11243,97,,No,,,,
1065,Anonymous,"2026-02-11 11:35:10","Addis Ababa",9.0023060,38.7668112,4G,"4G LTE",,-87,-12,,,4,113955,11243,97,,No,,,,
1064,Anonymous,"2026-02-11 11:35:06","Addis Ababa",9.0022912,38.7668059,4G,"4G LTE",,-87,-12,,,4,113955,11243,97,,No,,,,
1063,Anonymous,"2026-02-11 11:34:40","Addis Ababa",9.0022912,38.7668059,4G,"4G LTE",,-86,-11,,,4,113955,11243,97,,No,,,,
1062,Anonymous,"2026-02-11 11:34:36","Addis Ababa",9.0023294,38.7668192,4G,"4G LTE",,-86,-11,,,4,113955,11243,97,,No,,,,
1061,Anonymous,"2026-02-11 11:34:26","Addis Ababa",9.0023294,38.7668192,4G,"4G LTE",,-87,-12,,,4,113955,11243,97,,No,,,,
1060,Anonymous,"2026-02-11 11:34:10","Addis Ababa",9.0023294,38.7668192,4G,"4G LTE",,-85,-10,,,4,113955,11243,97,,No,,,,
1059,Anonymous,"2026-02-11 11:34:06","Addis Ababa",9.0023383,38.7668267,4G,"4G LTE",,-85,-10,,,4,113955,11243,97,,No,,,,
1058,Anonymous,"2026-02-11 11:33:47","Addis Ababa",9.0023383,38.7668267,4G,"4G LTE",,-78,-7,,,4,113955,11243,97,,No,,,,
1057,Anonymous,"2026-02-11 11:33:40","Addis Ababa",9.0023383,38.7668267,4G,"4G LTE",,-79,-8,,,4,113955,11243,97,,No,,,,
1056,Anonymous,"2026-02-11 11:33:25","Addis Ababa",9.0023259,38.7668165,4G,"4G LTE",,-79,-8,,,4,113955,11243,97,,No,,,,
1055,Anonymous,"2026-02-11 11:33:15","Addis Ababa",9.0023259,38.7668165,4G,"4G LTE",,-80,-7,,,4,113955,11243,97,,No,,,,
1054,Anonymous,"2026-02-11 11:33:10","Addis Ababa",9.0023259,38.7668165,4G,"4G LTE",,-85,-10,,,4,113955,11243,97,,No,,,,
1053,Anonymous,"2026-02-11 11:32:57","Addis Ababa",9.0023327,38.7668177,4G,"4G LTE",,-85,-10,,,4,113955,11243,97,,No,,,,
1052,Anonymous,"2026-02-11 11:32:45","Addis Ababa",9.0023327,38.7668177,4G,"4G LTE",,-79,-9,,,4,113955,11243,97,,No,,,,
1051,Anonymous,"2026-02-11 11:32:40","Addis Ababa",9.0023327,38.7668177,4G,"4G LTE",,-83,-8,,,4,113955,11243,97,,No,,,,
1050,Anonymous,"2026-02-11 11:32:25","Addis Ababa",9.0023160,38.7668118,4G,"4G LTE",,-83,-8,,,4,113955,11243,97,,No,,,,
1049,Anonymous,"2026-02-11 11:32:15","Addis Ababa",9.0023160,38.7668118,4G,"4G LTE",,-84,-9,,,4,113955,11243,97,,No,,,,
1048,Anonymous,"2026-02-11 11:32:09","Addis Ababa",9.0023160,38.7668118,4G,"4G LTE",,-82,-9,,,4,113955,11243,97,,No,,,,
1047,Anonymous,"2026-02-11 11:32:05","Addis Ababa",9.0023201,38.7668148,4G,"4G LTE",,-82,-9,,,4,113955,11243,97,,No,,,,
1046,Anonymous,"2026-02-11 11:31:45","Addis Ababa",9.0023201,38.7668148,4G,"4G LTE",,-83,-9,,,4,113955,11243,97,,No,,,,
1045,Anonymous,"2026-02-11 11:31:40","Addis Ababa",9.0023201,38.7668148,4G,"4G LTE",,-82,-8,,,4,113955,11243,97,,No,,,,
1044,Anonymous,"2026-02-11 11:31:25","Addis Ababa",9.0023128,38.7668122,4G,"4G LTE",,-82,-8,,,4,113955,11243,97,,No,,,,
1043,Anonymous,"2026-02-11 11:31:09","Addis Ababa",9.0023128,38.7668122,4G,"4G LTE",,-83,-10,,,4,113955,11243,97,,No,,,,
1042,Anonymous,"2026-02-11 11:31:03","Addis Ababa",9.0023208,38.7668134,4G,"4G LTE",,-83,-10,,,4,113955,11243,97,,No,,,,
1041,Anonymous,"2026-02-11 11:30:51","Addis Ababa",9.0023208,38.7668134,4G,"4G LTE",,-82,-8,,,4,113955,11243,97,,No,,,,
1040,Anonymous,"2026-02-11 11:30:41","Addis Ababa",9.0023208,38.7668134,4G,"4G LTE",,-83,-8,,,4,113955,11243,97,,No,,,,
1039,Anonymous,"2026-02-11 11:30:39","Addis Ababa",9.0023208,38.7668134,4G,"4G LTE",,-81,-7,,,4,113955,11243,97,,No,,,,
1038,Anonymous,"2026-02-11 11:30:21","Addis Ababa",9.0023163,38.7668093,4G,"4G LTE",,-81,-7,,,4,113955,11243,97,,No,,,,
1037,Anonymous,"2026-02-11 11:30:16","Addis Ababa",9.0023163,38.7668093,4G,"4G LTE",,-82,-9,,,4,113955,11243,97,,No,,,,
1036,Anonymous,"2026-02-11 11:30:11","Addis Ababa",9.0023218,38.7668094,4G,"4G LTE",,-82,-9,,,4,113955,11243,97,,No,,,,
1035,Anonymous,"2026-02-11 11:30:01","Addis Ababa",9.0023218,38.7668094,4G,"4G LTE",,-83,-8,,,4,113955,11243,97,,No,,,,
1034,Anonymous,"2026-02-11 11:29:45","Addis Ababa",9.0023218,38.7668094,4G,"4G LTE",,-82,-8,,,4,113955,11243,97,,No,,,,
1033,Anonymous,"2026-02-11 11:29:21","Addis Ababa",9.0023200,38.7668110,4G,"4G LTE",,-82,-7,,,4,113955,11243,97,,No,,,,
1032,Anonymous,"2026-02-11 11:29:12","Addis Ababa",9.0023200,38.7668110,4G,"4G LTE",,-83,-8,,,4,113955,11243,97,,No,,,,
1031,Anonymous,"2026-02-11 11:29:09","Addis Ababa",9.0023282,38.7668137,4G,"4G LTE",,-83,-8,,,4,113955,11243,97,,No,,,,
1030,Anonymous,"2026-02-11 11:28:41","Addis Ababa",9.0023282,38.7668137,4G,"4G LTE",,-82,-8,,,4,113955,11243,97,,No,,,,
1029,Anonymous,"2026-02-11 11:28:16","Addis Ababa",9.0023164,38.7668146,4G,"4G LTE",,-82,-8,,,4,113955,11243,97,,No,,,,
1028,Anonymous,"2026-02-11 11:28:11","Addis Ababa",9.0023391,38.7668134,4G,"4G LTE",,-82,-8,,,4,113955,11243,97,,No,,,,
1027,Anonymous,"2026-02-11 11:27:55","Addis Ababa",9.0023391,38.7668134,4G,"4G LTE",,-81,-8,,,4,113955,11243,97,,No,,,,
1026,Anonymous,"2026-02-11 11:27:44","Addis Ababa",9.0023391,38.7668134,4G,"4G LTE",,-78,-8,,,4,113955,11243,97,,No,,,,
1025,Anonymous,"2026-02-11 09:06:44","Addis Ababa",9.0023387,38.7668199,4G,"4G LTE",,-73,-6,,,4,113955,11243,97,,No,,,,
1024,Anonymous,"2026-02-11 09:06:14","Addis Ababa",9.0023399,38.7668217,4G,"4G LTE",,-73,-7,,,4,113955,11243,97,,No,,,,
1023,Anonymous,"2026-02-11 09:06:12","Addis Ababa",9.0023222,38.7668197,4G,"4G LTE",,-73,-7,,,4,113955,11243,97,,No,,,,
1022,Anonymous,"2026-02-11 09:05:52","Addis Ababa",9.0023222,38.7668197,4G,"4G LTE",,-72,-5,,,4,113955,11243,97,,No,,,,
1021,Anonymous,"2026-02-11 09:05:44","Addis Ababa",9.0023222,38.7668197,4G,"4G LTE",,-73,-6,,,4,113955,11243,97,,No,,,,
1020,Anonymous,"2026-02-11 09:05:32","Addis Ababa",9.0023236,38.7668173,4G,"4G LTE",,-73,-6,,,4,113955,11243,97,,No,,,,
1019,Anonymous,"2026-02-11 09:05:22","Addis Ababa",9.0023236,38.7668173,4G,"4G LTE",,-72,-6,,,4,113955,11243,97,,No,,,,
1018,Anonymous,"2026-02-11 09:05:14","Addis Ababa",9.0023236,38.7668173,4G,"4G LTE",,-71,-7,,,4,113955,11243,97,,No,,,,
1017,Anonymous,"2026-02-11 09:05:12","Addis Ababa",9.0023363,38.7668236,4G,"4G LTE",,-71,-7,,,4,113955,11243,97,,No,,,,
1016,Anonymous,"2026-02-11 09:04:51","Addis Ababa",9.0023363,38.7668236,4G,"4G LTE",,-73,-5,,,4,113955,11243,97,,No,,,,
1015,Anonymous,"2026-02-11 09:04:44","Addis Ababa",9.0023363,38.7668236,4G,"4G LTE",,-74,-8,,,4,113955,11243,97,,No,,,,
1014,Anonymous,"2026-02-11 09:04:41","Addis Ababa",9.0023350,38.7668228,4G,"4G LTE",,-74,-8,,,4,113955,11243,97,,No,,,,
1013,Anonymous,"2026-02-11 09:04:31","Addis Ababa",9.0023350,38.7668228,4G,"4G LTE",,-75,-7,,,4,113955,11243,97,,No,,,,
1012,Anonymous,"2026-02-11 09:04:14","Addis Ababa",9.0023350,38.7668228,4G,"4G LTE",,-74,-6,,,4,113955,11243,97,,No,,,,
1011,Anonymous,"2026-02-11 09:04:11","Addis Ababa",9.0023298,38.7668234,4G,"4G LTE",,-74,-6,,,4,113955,11243,97,,No,,,,
1010,Anonymous,"2026-02-11 09:04:01","Addis Ababa",9.0023298,38.7668234,4G,"4G LTE",,-75,-6,,,4,113955,11243,97,,No,,,,
1009,Anonymous,"2026-02-11 09:03:49","Addis Ababa",9.0023298,38.7668234,4G,"4G LTE",,-74,-7,,,4,113955,11243,97,,No,,,,
1008,Anonymous,"2026-02-11 09:03:43","Addis Ababa",9.0023298,38.7668234,4G,"4G LTE",,-73,-7,,,4,113955,11243,97,,No,,,,
1007,Anonymous,"2026-02-11 09:03:21","Addis Ababa",9.0023224,38.7668179,4G,"4G LTE",,-73,-5,,,4,113955,11243,97,,No,,,,
1006,Anonymous,"2026-02-11 09:03:14","Addis Ababa",9.0023224,38.7668179,4G,"4G LTE",,-72,-6,,,4,113955,11243,97,,No,,,,
1005,Anonymous,"2026-02-11 09:03:11","Addis Ababa",9.0023343,38.7668224,4G,"4G LTE",,-72,-6,,,4,113955,11243,97,,No,,,,
1004,Anonymous,"2026-02-11 09:03:01","Addis Ababa",9.0023343,38.7668224,4G,"4G LTE",,-69,-7,,,4,113955,11243,97,,No,,,,
1003,Anonymous,"2026-02-11 09:02:44","Addis Ababa",9.0023343,38.7668224,4G,"4G LTE",,-73,-6,,,4,113955,11243,97,,No,,,,
1002,Anonymous,"2026-02-11 09:02:41","Addis Ababa",9.0023175,38.7668142,4G,"4G LTE",,-73,-6,,,4,113955,11243,97,,No,,,,
1001,Anonymous,"2026-02-11 09:02:31","Addis Ababa",9.0023175,38.7668142,4G,"4G LTE",,-71,-5,,,4,113955,11243,97,,No,,,,
1000,Anonymous,"2026-02-11 09:02:21","Addis Ababa",9.0023175,38.7668142,4G,"4G LTE",,-75,-5,,,4,113955,11243,97,,No,,,,
999,Anonymous,"2026-02-11 09:02:13","Addis Ababa",9.0023175,38.7668142,4G,"4G LTE",,-70,-7,,,4,113955,11243,97,,No,,,,
998,Anonymous,"2026-02-11 09:02:01","Addis Ababa",9.0023314,38.7668185,4G,"4G LTE",,-70,-7,,,4,113955,11243,97,,No,,,,
997,Anonymous,"2026-02-11 09:01:45","Addis Ababa",9.0023314,38.7668185,4G,"4G LTE",,-75,-8,,,4,113955,11243,97,,No,,,,
996,Anonymous,"2026-02-11 09:01:42","Addis Ababa",9.0023314,38.7668185,4G,"4G LTE",,-74,-8,,,4,113955,11243,97,,No,,,,
995,Anonymous,"2026-02-11 09:01:29","Addis Ababa",9.0023124,38.7668152,4G,"4G LTE",,-74,-8,,,4,113955,11243,97,,No,,,,
994,Anonymous,"2026-02-11 09:01:12","Addis Ababa",9.0023124,38.7668152,4G,"4G LTE",,-72,-7,,,4,113955,11243,97,,No,,,,
993,Anonymous,"2026-02-11 09:01:09","Addis Ababa",9.0023293,38.7668212,4G,"4G LTE",,-72,-7,,,4,113955,11243,97,,No,,,,
992,Anonymous,"2026-02-11 09:00:59","Addis Ababa",9.0023293,38.7668212,4G,"4G LTE",,-73,-8,,,4,113955,11243,97,,No,,,,
991,Anonymous,"2026-02-11 09:00:49","Addis Ababa",9.0023293,38.7668212,4G,"4G LTE",,-71,-8,,,4,113955,11243,97,,No,,,,
990,Anonymous,"2026-02-11 09:00:41","Addis Ababa",9.0023293,38.7668212,4G,"4G LTE",,-70,-9,,,4,113955,11243,97,,No,,,,
989,Anonymous,"2026-02-11 09:00:39","Addis Ababa",9.0023371,38.7668239,4G,"4G LTE",,-70,-9,,,4,113955,11243,97,,No,,,,
988,Anonymous,"2026-02-11 09:00:19","Addis Ababa",9.0023371,38.7668239,4G,"4G LTE",,-69,-6,,,4,113955,11243,97,,No,,,,
987,Anonymous,"2026-02-11 09:00:11","Addis Ababa",9.0023371,38.7668239,4G,"4G LTE",,-68,-6,,,4,113955,11243,97,,No,,,,
986,Anonymous,"2026-02-11 09:00:09","Addis Ababa",9.0023253,38.7668175,4G,"4G LTE",,-68,-6,,,4,113955,11243,97,,No,,,,
985,Anonymous,"2026-02-11 08:59:59","Addis Ababa",9.0023253,38.7668175,4G,"4G LTE",,-69,-6,,,4,113955,11243,97,,No,,,,
984,Anonymous,"2026-02-11 08:59:49","Addis Ababa",9.0023253,38.7668175,4G,"4G LTE",,-72,-6,,,4,113955,11243,97,,No,,,,
983,Anonymous,"2026-02-11 08:59:41","Addis Ababa",9.0023253,38.7668175,4G,"4G LTE",,-71,-7,,,4,113955,11243,97,,No,,,,
982,Anonymous,"2026-02-11 08:59:28","Addis Ababa",9.0023335,38.7668169,4G,"4G LTE",,-71,-9,,,4,113955,11243,97,,No,,,,
981,Anonymous,"2026-02-11 08:59:11","Addis Ababa",9.0023335,38.7668169,4G,"4G LTE",,-72,-6,,,4,113955,11243,97,,No,,,,
980,Anonymous,"2026-02-11 08:59:08","Addis Ababa",9.0023339,38.7668129,4G,"4G LTE",,-72,-6,,,4,113955,11243,97,,No,,,,
979,Anonymous,"2026-02-11 08:58:58","Addis Ababa",9.0023339,38.7668129,4G,"4G LTE",,-73,-7,,,4,113955,11243,97,,No,,,,
978,Anonymous,"2026-02-11 08:58:41","Addis Ababa",9.0023339,38.7668129,4G,"4G LTE",,-70,-8,,,4,113955,11243,97,,No,,,,
977,Anonymous,"2026-02-11 08:58:41","Addis Ababa",9.0023396,38.7668235,4G,"4G LTE",,-70,-8,,,4,113955,11243,97,,No,,,,
976,Anonymous,"2026-02-11 08:53:52","Addis Ababa",9.0023396,38.7668235,5G,"5G NR (NSA)",,-81,-11,,,2,113295,11243,415,,No,,,,
975,Anonymous,"2026-02-11 08:53:45","Addis Ababa",9.0023396,38.7668235,5G,"5G NR (NSA)",,-80,-10,,,2,113295,11243,415,,No,,,,
974,Anonymous,"2026-02-11 08:53:44","Addis Ababa",9.0023093,38.7668140,5G,"5G NR (NSA)",,-80,-10,,,2,113295,11243,415,,No,,,,
973,Anonymous,"2026-02-11 08:53:36","Addis Ababa",9.0023093,38.7668140,4G,"4G LTE",,-74,-8,,,4,113955,11243,97,,No,,,,
972,Anonymous,"2026-02-11 08:53:22","Addis Ababa",9.0023093,38.7668140,4G,"4G LTE",,-76,-8,,,4,113955,11243,97,,No,,,,
971,Anonymous,"2026-02-11 08:53:15","Addis Ababa",9.0023093,38.7668140,4G,"4G LTE",,-70,-8,,,4,113955,11243,97,,No,,,,
970,Anonymous,"2026-02-11 08:53:02","Addis Ababa",9.0023313,38.7668232,4G,"4G LTE",,-70,-8,,,4,113955,11243,97,,No,,,,
969,Anonymous,"2026-02-11 08:52:45","Addis Ababa",9.0023313,38.7668232,4G,"4G LTE",,-69,-8,,,4,113955,11243,97,,No,,,,
968,Anonymous,"2026-02-11 08:52:32","Addis Ababa",9.0023372,38.7668133,4G,"4G LTE",,-69,-7,,,4,113955,11243,97,,No,,,,
967,Anonymous,"2026-02-11 08:52:17","Addis Ababa",9.0023372,38.7668133,4G,"4G LTE",,-70,-8,,,4,113955,11243,97,,No,,,,
966,Anonymous,"2026-02-11 08:52:15","Addis Ababa",9.0023372,38.7668133,4G,"4G LTE",,-72,-8,,,4,113955,11243,97,,No,,,,
965,Anonymous,"2026-02-11 08:51:32","Addis Ababa",9.0023372,38.7668133,4G,"4G LTE",,-72,-8,,,4,113955,11243,97,,No,,,,
964,Anonymous,"2026-02-11 08:48:25","Addis Ababa",9.0023285,38.7668164,4G,"4G LTE",,-81,-7,,,4,113955,11243,97,,No,,,,
963,Anonymous,"2026-02-11 08:48:14","Addis Ababa",9.0023285,38.7668164,4G,"4G LTE",,-83,-7,,,4,113955,11243,97,,No,,,,
962,Anonymous,"2026-02-11 08:48:05","Addis Ababa",9.0023285,38.7668164,4G,"4G LTE",,-84,-6,,,4,113955,11243,97,,No,,,,
961,Anonymous,"2026-02-11 08:47:57","Addis Ababa",9.0023285,38.7668164,4G,"4G LTE",,-85,-9,,,4,113955,11243,97,,No,,,,
960,Anonymous,"2026-02-11 08:47:55","Addis Ababa",9.0023007,38.7668119,4G,"4G LTE",,-85,-9,,,4,113955,11243,97,,No,,,,
959,Anonymous,"2026-02-11 08:47:32","Addis Ababa",9.0023007,38.7668119,4G,"4G LTE",,-84,-10,,,4,113955,11243,97,,No,,,,
958,Anonymous,"2026-02-11 08:47:27","Addis Ababa",9.0023007,38.7668119,5G,"5G NR (NSA)",,-90,-13,,,2,113295,11243,415,,No,,,,
957,Anonymous,"2026-02-11 08:47:26","Addis Ababa",9.0023172,38.7668175,5G,"5G NR (NSA)",,-90,-13,,,2,113295,11243,415,,No,,,,
956,Anonymous,"2026-02-11 08:47:24","Addis Ababa",9.0023172,38.7668175,5G,"5G NR (NSA)",,-88,-11,,,2,113295,11243,415,,No,,,,
955,Anonymous,"2026-02-11 08:47:14","Addis Ababa",9.0023172,38.7668175,5G,"5G NR (NSA)",,-87,-9,,,2,113295,11243,415,,No,,,,
954,Anonymous,"2026-02-11 08:46:56","Addis Ababa",9.0023172,38.7668175,unknown,unknown,,---,---,,,,,,,,No,,,,
953,Anonymous,"2026-02-11 08:46:24","Addis Ababa",9.0023238,38.7668178,unknown,unknown,,---,---,,,,,,,,No,,,,
952,Anonymous,"2026-02-11 08:46:18","Addis Ababa",9.0023425,38.7668102,unknown,unknown,,---,---,,,,,,,,No,,,,
951,Anonymous,"2026-02-11 08:45:57","Addis Ababa",9.0023425,38.7668102,4G,"4G LTE",,-81,-7,,,4,113955,11243,97,,No,,,,
950,Anonymous,"2026-02-11 08:43:31","Addis Ababa",9.0023274,38.7668203,4G,"4G LTE",,-69,-4,,,4,113955,11243,97,,No,,,,
949,Anonymous,"2026-02-11 08:43:19","Addis Ababa",9.0023274,38.7668203,4G,"4G LTE",,-75,-7,,,4,113955,11243,97,,No,,,,
948,Anonymous,"2026-02-11 08:43:09","Addis Ababa",9.0023274,38.7668203,4G,"4G LTE",,-71,-6,,,4,113955,11243,97,,No,,,,
947,Anonymous,"2026-02-11 08:43:08","Addis Ababa",9.0023319,38.7668235,4G,"4G LTE",,-71,-6,,,4,113955,11243,97,,No,,,,
946,Anonymous,"2026-02-11 08:42:55","Addis Ababa",9.0023319,38.7668235,4G,"4G LTE",,-69,-10,,,4,113955,11243,97,,No,,,,
945,Anonymous,"2026-02-11 08:42:41","Addis Ababa",9.0023319,38.7668235,4G,"4G LTE",,-67,-7,,,4,113955,11243,97,,No,,,,
944,Anonymous,"2026-02-11 08:42:30","Addis Ababa",9.0023278,38.7668236,4G,"4G LTE",,-67,-7,,,4,113955,11243,97,,No,,,,
943,Anonymous,"2026-02-11 08:42:18","Addis Ababa",9.0023278,38.7668236,4G,"4G LTE",,-69,-6,,,4,113955,11243,97,,No,,,,
942,Anonymous,"2026-02-11 08:42:09","Addis Ababa",9.0023278,38.7668236,4G,"4G LTE",,-70,-8,,,4,113955,11243,97,,No,,,,
941,Anonymous,"2026-02-11 08:41:42","Addis Ababa",9.0023233,38.7670390,4G,"4G LTE",,-70,-7,,,4,113955,11243,97,,No,,,,
940,Anonymous,"2026-02-11 08:41:41","Addis Ababa",9.0023233,38.7670390,4G,"4G LTE",,-71,-6,,,4,113955,11243,97,,No,,,,
939,Anonymous,"2026-02-11 08:41:30","Addis Ababa",9.0023194,38.7668140,4G,"4G LTE",,-71,-6,,,4,113955,11243,97,,No,,,,
938,Anonymous,"2026-02-11 08:41:29","Addis Ababa",9.0023194,38.7668140,4G,"4G LTE",,-78,-11,,,2,113295,11243,415,,No,,,,
937,Anonymous,"2026-02-11 08:41:20","Addis Ababa",9.0023194,38.7668140,5G,"5G NR (NSA)",,-79,-11,,,2,113295,11243,415,,No,,,,
936,Anonymous,"2026-02-11 08:41:11","Addis Ababa",9.0023194,38.7668140,5G,"5G NR (NSA)",,-78,-11,,,2,113295,11243,415,,No,,,,
935,Anonymous,"2026-02-11 08:41:06","Addis Ababa",9.0023238,38.7668202,5G,"5G NR (NSA)",,-78,-11,,,2,113295,11243,415,,No,,,,
934,Anonymous,"2026-02-11 08:40:54","Addis Ababa",9.0023238,38.7668202,4G,"4G LTE",,-74,-7,,,4,113955,11243,97,,No,,,,
933,Anonymous,"2026-02-11 08:40:45","Addis Ababa",9.0023238,38.7668202,4G,"4G LTE",,-72,-6,,,4,113955,11243,97,,No,,,,
932,Anonymous,"2026-02-11 08:40:42","Addis Ababa",9.0023236,38.7668154,4G,"4G LTE",,-72,-6,,,4,113955,11243,97,,No,,,,
931,Anonymous,"2026-02-11 08:40:17","Addis Ababa",9.0023236,38.7668154,4G,"4G LTE",,-74,-8,,,4,113955,11243,97,,No,,,,
930,Anonymous,"2026-02-11 08:40:09","Addis Ababa",9.0023236,38.7668154,4G,"4G LTE",,-73,-6,,,4,113955,11243,97,,No,,,,
929,Anonymous,"2026-02-11 08:40:05","Addis Ababa",9.0023025,38.7668077,4G,"4G LTE",,-73,-6,,,4,113955,11243,97,,No,,,,
928,Anonymous,"2026-02-11 08:39:55","Addis Ababa",9.0023025,38.7668077,4G,"4G LTE",,-72,-7,,,4,113955,11243,97,,No,,,,
927,Anonymous,"2026-02-11 08:39:43","Addis Ababa",9.0023025,38.7668077,4G,"4G LTE",,-75,-8,,,4,113955,11243,97,,No,,,,
926,Anonymous,"2026-02-11 08:39:39","Addis Ababa",9.0023025,38.7668077,4G,"4G LTE",,-72,-6,,,4,113955,11243,97,,No,,,,
925,Anonymous,"2026-02-11 08:39:33","Addis Ababa",9.0023313,38.7668185,4G,"4G LTE",,-72,-6,,,4,113955,11243,97,,No,,,,
924,Anonymous,"2026-02-11 08:39:21","Addis Ababa",9.0023313,38.7668185,4G,"4G LTE",,-74,-8,,,4,113955,11243,97,,No,,,,
923,Anonymous,"2026-02-11 08:39:12","Addis Ababa",9.0023313,38.7668185,4G,"4G LTE",,-73,-7,,,4,113955,11243,97,,No,,,,
922,Anonymous,"2026-02-11 08:39:09","Addis Ababa",9.0023471,38.7668223,4G,"4G LTE",,-73,-7,,,4,113955,11243,97,,No,,,,
921,Anonymous,"2026-02-11 08:38:59","Addis Ababa",9.0023471,38.7668223,4G,"4G LTE",,-72,-7,,,4,113955,11243,97,,No,,,,
920,Anonymous,"2026-02-11 08:38:41","Addis Ababa",9.0023471,38.7668223,4G,"4G LTE",,-71,-6,,,4,113955,11243,97,,No,,,,
919,Anonymous,"2026-02-11 08:38:41","Addis Ababa",9.0023261,38.7668178,4G,"4G LTE",,-71,-6,,,4,113955,11243,97,,No,,,,
918,Anonymous,"2026-02-11 08:32:51","Addis Ababa",9.0023261,38.7668178,4G,"4G LTE",,-78,-7,,,4,113955,11243,97,,No,,,,
917,Anonymous,"2026-02-11 08:32:42","Addis Ababa",9.0023261,38.7668178,4G,"4G LTE",,-81,-9,,,4,113955,11243,97,,No,,,,
916,Anonymous,"2026-02-11 08:32:23","Addis Ababa",9.0023149,38.7668144,4G,"4G LTE",,-81,-9,,,4,113955,11243,97,,No,,,,
915,Anonymous,"2026-02-11 08:32:11","Addis Ababa",9.0023149,38.7668144,4G,"4G LTE",,-79,-9,,,4,113955,11243,97,,No,,,,
914,Anonymous,"2026-02-11 08:32:01","Addis Ababa",9.0023149,38.7668144,4G,"4G LTE",,-77,-9,,,4,113955,11243,97,,No,,,,
913,Anonymous,"2026-02-11 08:31:51","Addis Ababa",9.0022939,38.7668088,4G,"4G LTE",,-77,-9,,,4,113955,11243,97,,No,,,,
912,Anonymous,"2026-02-11 08:31:35","Addis Ababa",9.0022939,38.7668088,4G,"4G LTE",,-78,-6,,,4,113955,11243,97,,No,,,,
911,Anonymous,"2026-02-11 08:31:31","Addis Ababa",9.0022939,38.7668088,4G,"4G LTE",,-81,-8,,,4,113955,11243,97,,No,,,,
910,Anonymous,"2026-02-11 08:30:40","Addis Ababa",9.0023023,38.7668081,4G,"4G LTE",,-81,-8,,,4,113955,11243,97,,No,,,,
909,Anonymous,"2026-02-11 08:30:39","Addis Ababa",9.0023023,38.7668081,4G,"4G LTE",,-84,-9,,,4,113955,11243,97,,No,,,,
908,Anonymous,"2026-02-11 08:30:03","Addis Ababa",9.0023023,38.7668081,4G,"4G LTE",,-84,-9,,,4,113955,11243,97,,No,,,,
907,Anonymous,"2026-02-11 08:30:00","Addis Ababa",9.0023405,38.7668403,4G,"4G LTE",,-84,-9,,,4,113955,11243,97,,No,,,,
906,Anonymous,"2026-02-11 08:29:44","Addis Ababa",9.0023405,38.7668403,4G,"4G LTE",,-85,-9,,,4,113955,11243,97,,No,,,,
905,Anonymous,"2026-02-11 08:29:33","Addis Ababa",9.0023405,38.7668403,4G,"4G LTE",,-86,-9,,,4,113955,11243,97,,No,,,,
904,Anonymous,"2026-02-11 08:29:33","Addis Ababa",9.0022886,38.7668081,4G,"4G LTE",,-86,-9,,,4,113955,11243,97,,No,,,,
903,Anonymous,"2026-02-11 08:23:57","Addis Ababa",9.0022886,38.7668081,4G,"4G LTE",,-83,-10,,,4,113955,11243,97,,No,,,,
902,Anonymous,"2026-02-11 08:23:55","Addis Ababa",9.0023367,38.7668160,4G,"4G LTE",,-83,-10,,,4,113955,11243,97,,No,,,,
901,Anonymous,"2026-02-11 08:23:45","Addis Ababa",9.0023367,38.7668160,4G,"4G LTE",,-85,-9,,,4,113955,11243,97,,No,,,,
900,Anonymous,"2026-02-11 08:23:28","Addis Ababa",9.0023367,38.7668160,4G,"4G LTE",,-84,-8,,,4,113955,11243,97,,No,,,,
899,Anonymous,"2026-02-11 08:13:45","Addis Ababa",9.0022993,38.7668045,4G,"4G LTE",,-80,-10,,,4,113955,11243,97,,No,,,,
898,Anonymous,"2026-02-11 08:13:30","Addis Ababa",9.0023329,38.7668328,4G,"4G LTE",,-80,-9,,,4,113955,11243,97,,No,,,,
897,Anonymous,"2026-02-11 08:13:13","Addis Ababa",9.0023329,38.7668328,4G,"4G LTE",,-84,-9,,,4,113955,11243,97,,No,,,,
896,Anonymous,"2026-02-11 08:13:09","Addis Ababa",9.0023329,38.7668328,4G,"4G LTE",,-85,-8,,,4,113955,11243,97,,No,,,,
895,Anonymous,"2026-02-11 08:12:53","Addis Ababa",9.0022983,38.7668049,4G,"4G LTE",,-85,-8,,,4,113955,11243,97,,No,,,,
894,Anonymous,"2026-02-11 08:12:40","Addis Ababa",9.0022983,38.7668049,4G,"4G LTE",,-83,-7,,,4,113955,11243,97,,No,,,,
893,Anonymous,"2026-02-11 08:11:41","Addis Ababa",9.0022927,38.7668051,4G,"4G LTE",,-83,-10,,,4,113955,11243,97,,No,,,,
892,Anonymous,"2026-02-11 08:11:35","Addis Ababa",9.0022927,38.7668051,4G,"4G LTE",,-79,-10,,,4,113955,11243,97,,No,,,,
891,Anonymous,"2026-02-11 08:11:29","Addis Ababa",9.0023243,38.7668116,4G,"4G LTE",,-79,-10,,,4,113955,11243,97,,No,,,,
890,Anonymous,"2026-02-11 08:11:19","Addis Ababa",9.0023243,38.7668116,4G,"4G LTE",,-83,-7,,,4,113955,11243,97,,No,,,,
889,Anonymous,"2026-02-11 08:11:11","Addis Ababa",9.0023243,38.7668116,4G,"4G LTE",,-82,-7,,,4,113955,11243,97,,No,,,,
888,Anonymous,"2026-02-11 08:11:06","Addis Ababa",9.0023396,38.7668192,4G,"4G LTE",,-82,-7,,,4,113955,11243,97,,No,,,,
887,Anonymous,"2026-02-11 08:10:50","Addis Ababa",9.0023396,38.7668192,4G,"4G LTE",,-83,-10,,,4,113955,11243,97,,No,,,,
886,Anonymous,"2026-02-11 08:10:28","Addis Ababa",9.0023396,38.7668192,4G,"4G LTE",,-84,-8,,,4,113955,11243,97,,No,,,,
885,Anonymous,"2026-02-11 08:01:32","Addis Ababa",9.0023147,38.7668106,4G,"4G LTE",,-80,-7,,,4,113955,11243,97,,No,,,,
884,Anonymous,"2026-02-11 08:01:27","Addis Ababa",9.0023404,38.7668224,4G,"4G LTE",,-80,-7,,,4,113955,11243,97,,No,,,,
883,Anonymous,"2026-02-11 08:01:17","Addis Ababa",9.0023404,38.7668224,4G,"4G LTE",,-82,-8,,,4,113955,11243,97,,No,,,,
882,Anonymous,"2026-02-11 08:01:02","Addis Ababa",9.0023404,38.7668224,4G,"4G LTE",,-81,-6,,,4,113955,11243,97,,No,,,,
881,Anonymous,"2026-02-11 08:01:02","Addis Ababa",9.0023404,38.7668224,4G,"4G LTE",,-81,-6,,,4,113955,11243,97,,No,,,,
880,Anonymous,"2026-02-11 03:56:22","Addis Ababa",9.0422977,38.8651455,4G,"4G LTE",,-108,-14,,,3,111435,11206,409,,No,,,,
879,Anonymous,"2026-02-11 03:56:04","Addis Ababa",9.0422979,38.8651445,4G,"4G LTE",,-108,-15,,,3,111435,11206,409,,No,,,,
878,Anonymous,"2026-02-11 03:55:51","Addis Ababa",9.0422979,38.8651445,4G,"4G LTE",,-107,-14,,,3,111435,11206,409,,No,,,,
877,Anonymous,"2026-02-11 03:55:21","Addis Ababa",9.0422981,38.8651433,4G,"4G LTE",,-107,-14,,,3,111435,11206,409,,No,,,,
876,Anonymous,"2026-02-11 03:55:16","Addis Ababa",9.0422977,38.8651455,4G,"4G LTE",,-107,-14,,,3,111435,11206,409,,No,,,,
875,Anonymous,"2026-02-11 03:55:04","Addis Ababa",9.0422977,38.8651455,4G,"4G LTE",,-108,-13,,,3,111435,11206,409,,No,,,,
874,Anonymous,"2026-02-11 03:54:52","Addis Ababa",9.0422977,38.8651455,4G,"4G LTE",,-107,-15,,,3,111435,11206,409,,No,,,,
873,Anonymous,"2026-02-11 03:54:51","Addis Ababa",9.0422977,38.8651455,4G,"4G LTE",,-106,-14,,,3,111435,11206,409,,No,,,,
872,Anonymous,"2026-02-11 03:54:40","Addis Ababa",9.0422984,38.8651424,4G,"4G LTE",,-106,-14,,,3,111435,11206,409,,No,,,,
871,Anonymous,"2026-02-11 03:54:27","Addis Ababa",9.0422984,38.8651424,4G,"4G LTE",,-108,-15,,,3,111435,11206,409,,No,,,,
870,Anonymous,"2026-02-11 03:54:21","Addis Ababa",9.0422984,38.8651424,4G,"4G LTE",,-107,-14,,,3,111435,11206,409,,No,,,,
869,Anonymous,"2026-02-11 03:53:50","Addis Ababa",9.0422811,38.8651227,4G,"4G LTE",,-107,-14,,,3,111435,11206,409,,No,,,,
868,Anonymous,"2026-02-11 03:53:20","Addis Ababa",9.0422882,38.8651173,4G,"4G LTE",,-107,-13,,,3,111435,11206,409,,No,,,,
867,Anonymous,"2026-02-11 03:52:50","Addis Ababa",9.0422943,38.8651165,4G,"4G LTE",,-107,-14,,,3,111435,11206,409,,No,,,,
866,Anonymous,"2026-02-11 03:52:20","Addis Ababa",9.0422952,38.8651153,4G,"4G LTE",,-107,-15,,,3,111435,11206,409,,No,,,,
865,Anonymous,"2026-02-11 03:51:50","Addis Ababa",9.0422978,38.8651416,4G,"4G LTE",,-107,-14,,,3,111435,11206,409,,No,,,,
864,Anonymous,"2026-02-11 03:51:48","Addis Ababa",9.0422976,38.8651418,4G,"4G LTE",,-107,-14,,,3,111435,11206,409,,No,,,,
863,Anonymous,"2026-02-11 03:51:36","Addis Ababa",9.0422976,38.8651418,4G,"4G LTE",,-108,-15,,,3,111435,11206,409,,No,,,,
862,Anonymous,"2026-02-11 03:51:24","Addis Ababa",9.0422976,38.8651418,4G,"4G LTE",,-107,-15,,,3,111435,11206,409,,No,,,,
861,Anonymous,"2026-02-11 03:51:20","Addis Ababa",9.0422976,38.8651418,4G,"4G LTE",,-108,-14,,,3,111435,11206,409,,No,,,,
860,Anonymous,"2026-02-11 03:51:00","Addis Ababa",9.0422927,38.8651113,4G,"4G LTE",,-108,-15,,,3,111435,11206,409,,No,,,,
859,Anonymous,"2026-02-11 03:50:50","Addis Ababa",9.0422927,38.8651113,4G,"4G LTE",,-107,-15,,,3,111435,11206,409,,No,,,,
858,Anonymous,"2026-02-11 03:50:24","Addis Ababa",9.0422976,38.8651404,4G,"4G LTE",,-107,-14,,,3,111435,11206,409,,No,,,,
857,Anonymous,"2026-02-11 03:50:20","Addis Ababa",9.0422976,38.8651404,4G,"4G LTE",,-108,-15,,,3,111435,11206,409,,No,,,,
856,Anonymous,"2026-02-11 03:50:12","Addis Ababa",9.0422799,38.8651240,4G,"4G LTE",,-108,-15,,,3,111435,11206,409,,No,,,,
855,Anonymous,"2026-02-11 03:50:00","Addis Ababa",9.0422799,38.8651240,4G,"4G LTE",,-109,-14,,,3,111435,11206,409,,No,,,,
854,Anonymous,"2026-02-11 03:49:49","Addis Ababa",9.0422799,38.8651240,4G,"4G LTE",,-108,-14,,,3,111435,11206,409,,No,,,,
853,Anonymous,"2026-02-11 03:43:21","Addis Ababa",9.0422979,38.8651444,4G,"4G LTE",,-108,-15,,,3,111435,11206,409,,No,,,,
852,Anonymous,"2026-02-11 03:43:19","Addis Ababa",9.0422987,38.8651429,4G,"4G LTE",,-108,-15,,,3,111435,11206,409,,No,,,,
851,Anonymous,"2026-02-11 03:43:07","Addis Ababa",9.0422987,38.8651429,4G,"4G LTE",,-107,-14,,,3,111435,11206,409,,No,,,,
850,Anonymous,"2026-02-11 03:42:54","Addis Ababa",9.0422987,38.8651429,4G,"4G LTE",,-106,-13,,,3,111435,11206,409,,No,,,,
849,Anonymous,"2026-02-11 03:42:23","Addis Ababa",9.0422741,38.8651178,4G,"4G LTE",,-106,-13,,,3,111435,11206,409,,No,,,,
848,Anonymous,"2026-02-11 03:41:53","Addis Ababa",9.0422983,38.8651421,4G,"4G LTE",,-106,-13,,,3,111435,11206,409,,No,,,,
847,Anonymous,"2026-02-11 03:41:23","Addis Ababa",9.0422934,38.8651153,4G,"4G LTE",,-106,-13,,,3,111435,11206,409,,No,,,,
846,Anonymous,"2026-02-11 03:41:19","Addis Ababa",9.0422933,38.8651123,4G,"4G LTE",,-106,-13,,,3,111435,11206,409,,No,,,,
845,Anonymous,"2026-02-11 03:41:06","Addis Ababa",9.0422933,38.8651123,4G,"4G LTE",,-107,-13,,,3,111435,11206,409,,No,,,,
844,Anonymous,"2026-02-11 03:40:53","Addis Ababa",9.0422933,38.8651123,4G,"4G LTE",,-106,-13,,,3,111435,11206,409,,No,,,,
843,Anonymous,"2026-02-11 03:40:42","Addis Ababa",9.0422930,38.8651114,4G,"4G LTE",,-106,-13,,,3,111435,11206,409,,No,,,,
842,Anonymous,"2026-02-11 03:40:30","Addis Ababa",9.0422930,38.8651114,4G,"4G LTE",,-107,-14,,,3,111435,11206,409,,No,,,,
841,Anonymous,"2026-02-11 03:40:22","Addis Ababa",9.0422930,38.8651114,4G,"4G LTE",,-106,-14,,,3,111435,11206,409,,No,,,,
840,Anonymous,"2026-02-11 03:40:18","Addis Ababa",9.0422981,38.8651435,4G,"4G LTE",,-106,-14,,,3,111435,11206,409,,No,,,,
839,Anonymous,"2026-02-11 03:40:06","Addis Ababa",9.0422981,38.8651435,4G,"4G LTE",,-107,-14,,,3,111435,11206,409,,No,,,,
838,Anonymous,"2026-02-11 03:39:52","Addis Ababa",9.0422981,38.8651435,4G,"4G LTE",,-106,-14,,,3,111435,11206,409,,No,,,,
837,Anonymous,"2026-02-11 03:39:30","Addis Ababa",9.0422979,38.8651444,4G,"4G LTE",,-106,-14,,,3,111435,11206,409,,No,,,,
836,Anonymous,"2026-02-11 03:39:22","Addis Ababa",9.0422979,38.8651444,4G,"4G LTE",,-107,-13,,,3,111435,11206,409,,No,,,,
835,Anonymous,"2026-02-11 03:39:18","Addis Ababa",9.0422979,38.8651467,4G,"4G LTE",,-107,-13,,,3,111435,11206,409,,No,,,,
834,Anonymous,"2026-02-11 03:38:52","Addis Ababa",9.0422979,38.8651467,4G,"4G LTE",,-106,-13,,,3,111435,11206,409,,No,,,,
833,Anonymous,"2026-02-11 03:38:21","Addis Ababa",9.0422974,38.8651176,4G,"4G LTE",,-106,-13,,,3,111435,11206,409,,No,,,,
832,Anonymous,"2026-02-11 03:38:17","Addis Ababa",9.0422942,38.8651155,4G,"4G LTE",,-106,-13,,,3,111435,11206,409,,No,,,,
831,Anonymous,"2026-02-11 03:38:05","Addis Ababa",9.0422942,38.8651155,4G,"4G LTE",,-107,-13,,,3,111435,11206,409,,No,,,,
830,Anonymous,"2026-02-11 03:37:53","Addis Ababa",9.0422942,38.8651155,4G,"4G LTE",,-106,-13,,,3,111435,11206,409,,No,,,,
829,Anonymous,"2026-02-11 03:37:51","Addis Ababa",9.0422942,38.8651155,4G,"4G LTE",,-107,-13,,,3,111435,11206,409,,No,,,,
828,Anonymous,"2026-02-11 03:37:41","Addis Ababa",9.0422895,38.8651163,4G,"4G LTE",,-107,-13,,,3,111435,11206,409,,No,,,,
827,Anonymous,"2026-02-11 03:37:29","Addis Ababa",9.0422895,38.8651163,4G,"4G LTE",,-105,-12,,,3,111435,11206,409,,No,,,,
826,Anonymous,"2026-02-11 03:37:21","Addis Ababa",9.0422895,38.8651163,4G,"4G LTE",,-106,-13,,,3,111435,11206,409,,No,,,,
825,Anonymous,"2026-02-11 03:36:51","Addis Ababa",9.0422987,38.8651439,4G,"4G LTE",,-106,-14,,,3,111435,11206,409,,No,,,,
824,Anonymous,"2026-02-11 03:36:50","Addis Ababa",9.0422976,38.8651428,4G,"4G LTE",,-106,-14,,,3,111435,11206,409,,No,,,,
823,Anonymous,"2026-02-11 03:36:50","Addis Ababa",9.0422976,38.8651428,4G,"4G LTE",,-106,-14,,,3,111435,11206,409,,No,,,,
822,Anonymous,"2026-02-11 03:36:34","Addis Ababa",9.0422976,38.8651428,4G,"4G LTE",,-106,,,,3,,,,,No,,,,
821,Anonymous,"2026-02-11 03:36:34","Addis Ababa",9.0422802,38.8651243,4G,"4G LTE",,-106,,,,3,,,,,No,,,,
820,Anonymous,"2026-02-11 03:36:34","Addis Ababa",9.0422802,38.8651243,4G,"4G LTE",,-106,,,,3,,,,,No,,,,
819,Anonymous,"2026-02-11 03:36:30","Addis Ababa",9.0422802,38.8651243,4G,"4G LTE",,-106,,,,3,,,,,No,,,,
818,Anonymous,"2026-02-11 03:36:18","Addis Ababa",9.0422802,38.8651243,4G,"4G LTE",,-107,,,,3,,,,,No,,,,
817,Anonymous,"2026-02-11 03:36:17","Addis Ababa",9.0422802,38.8651243,4G,"4G LTE",,-106,,,,3,,,,,No,,,,
816,Anonymous,"2026-02-11 03:36:08","Addis Ababa",9.0422963,38.8651138,4G,"4G LTE",,-106,,,,3,,,,,No,,,,
815,Anonymous,"2026-02-11 03:35:58","Addis Ababa",9.0422963,38.8651138,4G,"4G LTE",,-107,,,,3,,,,,No,,,,
814,Anonymous,"2026-02-11 03:35:42","Addis Ababa",9.0422963,38.8651138,4G,"4G LTE",,-106,,,,3,,,,,No,,,,
813,Anonymous,"2026-02-11 03:35:41","Addis Ababa",9.0422979,38.8651443,4G,"4G LTE",,-106,,,,3,,,,,No,,,,
812,Anonymous,"2026-02-11 03:35:41","Addis Ababa",9.0422979,38.8651443,4G,"4G LTE",,-106,,,,3,,,,,No,,,,
811,Anonymous,"2026-02-11 03:35:14","Addis Ababa",9.0422979,38.8651443,4G,"4G LTE",,-106,,,,3,,,,,No,,,,
810,Anonymous,"2026-02-11 03:34:44","Addis Ababa",9.0422962,38.8651424,4G,"4G LTE",,-106,,,,3,,,,,No,,,,
809,Anonymous,"2026-02-11 03:34:37","Addis Ababa",9.0422944,38.8651152,4G,"4G LTE",,-106,,,,3,,,,,No,,,,
808,Anonymous,"2026-02-11 03:34:25","Addis Ababa",9.0422944,38.8651152,4G,"4G LTE",,-107,,,,3,,,,,No,,,,
807,Anonymous,"2026-02-11 03:34:14","Addis Ababa",9.0422944,38.8651152,4G,"4G LTE",,-106,,,,3,,,,,No,,,,
806,Anonymous,"2026-02-11 03:34:13","Addis Ababa",9.0422969,38.8651136,4G,"4G LTE",,-106,,,,3,,,,,No,,,,
805,Anonymous,"2026-02-11 03:33:44","Addis Ababa",9.0422969,38.8651136,4G,"4G LTE",,-107,,,,3,,,,,No,,,,
804,Anonymous,"2026-02-11 03:33:37","Addis Ababa",9.0422968,38.8651138,4G,"4G LTE",,-107,,,,3,,,,,No,,,,
803,Anonymous,"2026-02-11 03:33:25","Addis Ababa",9.0422968,38.8651138,4G,"4G LTE",,-108,,,,3,,,,,No,,,,
802,Anonymous,"2026-02-11 03:33:14","Addis Ababa",9.0422968,38.8651138,4G,"4G LTE",,-109,,,,3,,,,,No,,,,
801,Anonymous,"2026-02-11 03:33:12","Addis Ababa",9.0422965,38.8651180,4G,"4G LTE",,-109,,,,3,,,,,No,,,,
800,Anonymous,"2026-02-11 03:33:00","Addis Ababa",9.0422965,38.8651180,4G,"4G LTE",,-108,,,,3,,,,,No,,,,
799,Anonymous,"2026-02-11 03:32:48","Addis Ababa",9.0422965,38.8651180,4G,"4G LTE",,-107,,,,3,,,,,No,,,,
798,Anonymous,"2026-02-11 03:32:44","Addis Ababa",9.0422965,38.8651180,4G,"4G LTE",,-106,,,,3,,,,,No,,,,
797,Anonymous,"2026-02-11 03:32:36","Addis Ababa",9.0422887,38.8651155,4G,"4G LTE",,-106,,,,3,,,,,No,,,,
796,Anonymous,"2026-02-11 03:32:14","Addis Ababa",9.0422887,38.8651155,4G,"4G LTE",,-107,,,,3,,,,,No,,,,
795,Anonymous,"2026-02-11 03:32:02","Addis Ababa",9.0422947,38.8651182,4G,"4G LTE",,-107,,,,3,,,,,No,,,,
794,Anonymous,"2026-02-11 03:31:48","Addis Ababa",9.0422947,38.8651182,4G,"4G LTE",,-108,,,,3,,,,,No,,,,
793,Anonymous,"2026-02-11 03:31:44","Addis Ababa",9.0422947,38.8651182,4G,"4G LTE",,-107,,,,3,,,,,No,,,,
792,Anonymous,"2026-02-11 03:31:24","Addis Ababa",9.0422963,38.8651141,4G,"4G LTE",,-107,,,,3,,,,,No,,,,
791,Anonymous,"2026-02-11 03:31:20","Addis Ababa",9.0422963,38.8651141,4G,"4G LTE",,-92,,,,9,,,,,No,,,,
790,Anonymous,"2026-02-11 03:31:17","Addis Ababa",9.0422963,38.8651141,4G,"4G LTE",,-91,,,,9,,,,,No,,,,
789,Anonymous,"2026-02-11 03:31:13","Addis Ababa",9.0422767,38.8651204,4G,"4G LTE",,-91,,,,9,,,,,No,,,,
788,Anonymous,"2026-02-11 03:31:13","Addis Ababa",9.0422767,38.8651204,4G,"4G LTE",,-91,,,,9,,,,,No,,,,
787,Anonymous,"2026-02-11 03:31:12","Addis Ababa",9.0422767,38.8651204,4G,"4G LTE",,-91,-11,,,9,111435,11206,409,,No,,,,
786,Anonymous,"2026-02-11 03:31:00","Addis Ababa",9.0422767,38.8651204,4G,"4G LTE",,-92,-10,,,9,111435,11206,409,,No,,,,
785,Anonymous,"2026-02-11 03:30:58","Addis Ababa",9.0422767,38.8651204,4G,"4G LTE",,-90,-10,,,9,111435,11206,409,,No,,,,
784,Anonymous,"2026-02-11 03:30:36","Addis Ababa",9.0422766,38.8651201,4G,"4G LTE",,-90,-11,,,9,111435,11206,409,,No,,,,
783,Anonymous,"2026-02-11 03:30:29","Addis Ababa",9.0422766,38.8651201,4G,"4G LTE",,-92,-11,,,9,111435,11206,409,,No,,,,
782,Anonymous,"2026-02-11 03:30:24","Addis Ababa",9.0422930,38.8651451,4G,"4G LTE",,-92,-11,,,9,111435,11206,409,,No,,,,
781,Anonymous,"2026-02-11 03:29:59","Addis Ababa",9.0422930,38.8651451,4G,"4G LTE",,-91,-10,,,9,111435,11206,409,,No,,,,
780,Anonymous,"2026-02-11 03:29:54","Addis Ababa",9.0422973,38.8651506,4G,"4G LTE",,-91,-10,,,9,111435,11206,409,,No,,,,
779,Anonymous,"2026-02-11 03:29:48","Addis Ababa",9.0422973,38.8651506,4G,"4G LTE",,-92,-11,,,9,111435,11206,409,,No,,,,
778,Anonymous,"2026-02-11 03:29:42","Addis Ababa",9.0422973,38.8651506,4G,"4G LTE",,-91,-11,,,9,111435,11206,409,,No,,,,
777,Anonymous,"2026-02-11 03:29:29","Addis Ababa",9.0422973,38.8651506,4G,"4G LTE",,-92,-10,,,9,111435,11206,409,,No,,,,
776,Anonymous,"2026-02-11 03:29:23","Addis Ababa",9.0422442,38.8650828,4G,"4G LTE",,-92,-10,,,9,111435,11206,409,,No,,,,
775,Anonymous,"2026-02-11 03:29:11","Addis Ababa",9.0422442,38.8650828,4G,"4G LTE",,-91,-10,,,9,111435,11206,409,,No,,,,
774,Anonymous,"2026-02-11 03:29:05","Addis Ababa",9.0422442,38.8650828,4G,"4G LTE",,-92,-11,,,9,111435,11206,409,,No,,,,
773,Anonymous,"2026-02-11 03:28:58","Addis Ababa",9.0422442,38.8650828,4G,"4G LTE",,-91,-11,,,9,111435,11206,409,,No,,,,
772,Anonymous,"2026-02-11 03:28:35","Addis Ababa",9.0422985,38.8651507,4G,"4G LTE",,-91,-10,,,9,111435,11206,409,,No,,,,
771,Anonymous,"2026-02-11 03:28:29","Addis Ababa",9.0422985,38.8651507,4G,"4G LTE",,-90,-11,,,9,111435,11206,409,,No,,,,
770,Anonymous,"2026-02-11 03:28:28","Addis Ababa",9.0422985,38.8651507,4G,"4G LTE",,-91,-11,,,9,111435,11206,409,,No,,,,
769,Anonymous,"2026-02-11 03:28:23","Addis Ababa",9.0422469,38.8650693,4G,"4G LTE",,-91,-11,,,9,111435,11206,409,,No,,,,
768,Anonymous,"2026-02-11 03:28:17","Addis Ababa",9.0422469,38.8650693,4G,"4G LTE",,-90,-11,,,9,111435,11206,409,,No,,,,
767,Anonymous,"2026-02-11 03:28:11","Addis Ababa",9.0422469,38.8650693,4G,"4G LTE",,-91,-10,,,9,111435,11206,409,,No,,,,
766,Anonymous,"2026-02-11 03:27:58","Addis Ababa",9.0422469,38.8650693,4G,"4G LTE",,-90,-11,,,9,111435,11206,409,,No,,,,
765,Anonymous,"2026-02-11 03:26:23","Addis Ababa",9.0422840,38.8651059,4G,"4G LTE",,-91,-11,,,9,111435,11206,409,,No,,,,
764,Anonymous,"2026-02-11 03:25:59","Addis Ababa",9.0422787,38.8650998,4G,"4G LTE",,-91,-11,,,9,111435,11206,409,,No,,,,
763,Anonymous,"2026-02-11 03:25:53","Addis Ababa",9.0422787,38.8650998,4G,"4G LTE",,-90,-11,,,9,111435,11206,409,,No,,,,
762,Anonymous,"2026-02-11 03:25:35","Addis Ababa",9.0422936,38.8651149,4G,"4G LTE",,-90,-11,,,9,111435,11206,409,,No,,,,
761,Anonymous,"2026-02-11 03:25:23","Addis Ababa",9.0422936,38.8651149,4G,"4G LTE",,-91,-11,,,9,111435,11206,409,,No,,,,
760,Anonymous,"2026-02-11 03:25:22","Addis Ababa",9.0422936,38.8651149,4G,"4G LTE",,-90,-11,,,9,111435,11206,409,,No,,,,
759,Anonymous,"2026-02-11 03:24:50","Addis Ababa",9.0422882,38.8651082,4G,"4G LTE",,-90,-11,,,9,111435,11206,409,,No,,,,
758,Anonymous,"2026-02-11 03:24:47","Addis Ababa",9.0422900,38.8651100,4G,"4G LTE",,-91,,,,9,111435,,,,No,,,,
757,Anonymous,"2026-02-11 03:24:44","Addis Ababa",9.0422900,38.8651100,4G,"4G LTE",,-91,,,,9,111435,,,,No,,,,
756,Anonymous,"2026-02-11 03:24:41","Addis Ababa",9.0422800,38.8651100,4G,"4G LTE",,-91,,,,9,111435,,,,No,,,,
755,Anonymous,"2026-02-11 03:24:38","Addis Ababa",9.0422800,38.8651100,4G,"4G LTE",,-91,,,,9,111435,,,,No,,,,
754,Anonymous,"2026-02-11 03:24:35","Addis Ababa",9.0422800,38.8651100,4G,"4G LTE",,-93,,,,9,111435,,,,No,,,,
753,Anonymous,"2026-02-11 03:24:32","Addis Ababa",9.0422800,38.8651100,4G,"4G LTE",,-93,,,,9,111435,,,,No,,,,
752,Anonymous,"2026-02-11 03:24:29","Addis Ababa",9.0422900,38.8651100,4G,"4G LTE",,-93,,,,9,111435,,,,No,,,,
751,Anonymous,"2026-02-11 03:24:26","Addis Ababa",9.0422900,38.8651100,4G,"4G LTE",,-93,,,,9,111435,,,,No,,,,
750,Anonymous,"2026-02-11 03:24:23","Addis Ababa",9.0422900,38.8651100,4G,"4G LTE",,-93,,,,9,111435,,,,No,,,,
749,Anonymous,"2026-02-11 03:24:20","Addis Ababa",9.0422900,38.8651100,4G,"4G LTE",,-93,,,,9,111435,,,,No,,,,
748,Anonymous,"2026-02-11 03:24:17","Addis Ababa",9.0422600,38.8650800,4G,"4G LTE",,-93,,,,9,111435,,,,No,,,,
747,Anonymous,"2026-02-11 03:24:14","Addis Ababa",9.0422600,38.8650800,4G,"4G LTE",,-93,,,,9,111435,,,,No,,,,
746,Anonymous,"2026-02-11 03:24:11","Addis Ababa",9.0422700,38.8650900,4G,"4G LTE",,-90,,,,9,111435,,,,No,,,,
745,Anonymous,"2026-02-11 03:24:08","Addis Ababa",9.0422700,38.8650900,4G,"4G LTE",,-90,,,,9,111435,,,,No,,,,
744,Anonymous,"2026-02-11 03:24:05","Addis Ababa",9.0422800,38.8651000,4G,"4G LTE",,-90,,,,9,111435,,,,No,,,,
743,Anonymous,"2026-02-11 03:24:02","Addis Ababa",9.0422800,38.8651000,4G,"4G LTE",,-90,,,,9,111435,,,,No,,,,
742,Anonymous,"2026-02-11 03:23:49","Addis Ababa",9.0422802,38.8651008,4G,"4G LTE",,-90,-11,,,9,111435,11206,409,,No,,,,
741,Anonymous,"2026-02-11 03:23:37","Addis Ababa",9.0422802,38.8651008,4G,"4G LTE",,-91,-10,,,9,111435,11206,409,,No,,,,
740,Anonymous,"2026-02-11 03:23:30","Addis Ababa",9.0422802,38.8651008,4G,"4G LTE",,-106,-16,,,3,111435,11206,409,,No,,,,
739,Anonymous,"2026-02-11 03:23:25","Addis Ababa",9.0422756,38.8650927,4G,"4G LTE",,-106,-16,,,3,111435,11206,409,,No,,,,
738,Anonymous,"2026-02-11 03:23:13","Addis Ababa",9.0422756,38.8650927,4G,"4G LTE",,-109,-12,,,3,111435,11206,409,,No,,,,
736,Anonymous,"2026-02-11 03:23:00","Addis Ababa",9.0422756,38.8650927,4G,"4G LTE",,-109,-13,,,3,111435,11206,409,,No,,,,
737,Anonymous,"2026-02-11 03:23:00","Addis Ababa",9.0422756,38.8650927,4G,"4G LTE",,-106,-13,,,3,111435,11206,409,,No,,,,
735,Anonymous,"2026-02-11 03:22:40","Addis Ababa",9.0422930,38.8651450,4G,"4G LTE",,-109,-14,,,3,111435,11206,409,,No,,,,
734,Anonymous,"2026-02-11 03:22:34","Addis Ababa",9.0422930,38.8651450,4G,"4G LTE",,-108,-13,,,3,111435,11206,409,,No,,,,
733,Anonymous,"2026-02-11 03:22:32","Addis Ababa",9.0422930,38.8651450,4G,"4G LTE",,-109,-13,,,3,111435,11206,409,,No,,,,
732,Anonymous,"2026-02-11 03:22:28","Addis Ababa",9.0422983,38.8651414,4G,"4G LTE",,-109,-13,,,3,111435,11206,409,,No,,,,
731,Anonymous,"2026-02-11 03:22:10","Addis Ababa",9.0422983,38.8651414,4G,"4G LTE",,-106,-13,,,3,111435,11206,409,,No,,,,
730,Anonymous,"2026-02-11 03:22:04","Addis Ababa",9.0422983,38.8651414,4G,"4G LTE",,-105,-14,,,3,111435,11206,409,,No,,,,
729,Anonymous,"2026-02-11 03:22:02","Addis Ababa",9.0422983,38.8651414,4G,"4G LTE",,-106,-14,,,3,111435,11206,409,,No,,,,
728,Anonymous,"2026-02-11 03:19:55","Addis Ababa",9.0422668,38.8651104,4G,"4G LTE",,-106,-11,,,3,111435,11206,409,,No,,,,
727,Anonymous,"2026-02-11 03:19:49","Addis Ababa",9.0422668,38.8651104,4G,"4G LTE",,-107,-12,,,3,111435,11206,409,,No,,,,
726,Anonymous,"2026-02-11 03:19:47","Addis Ababa",9.0422668,38.8651104,4G,"4G LTE",,-106,-13,,,3,111435,11206,409,,No,,,,
724,Anonymous,"2026-02-11 03:19:17","Addis Ababa",9.0422738,38.8651183,4G,"4G LTE",,-106,-14,,,3,111435,11206,409,,No,,,,
725,Anonymous,"2026-02-11 03:19:17","Addis Ababa",9.0422889,38.8651098,4G,"4G LTE",,-106,-14,,,3,111435,11206,409,,No,,,,
723,Anonymous,"2026-02-11 03:19:10","Addis Ababa",9.0422738,38.8651183,4G,"4G LTE",,-105,-14,,,3,111435,11206,409,,No,,,,
722,Anonymous,"2026-02-11 03:18:47","Addis Ababa",9.0422738,38.8651183,4G,"4G LTE",,-106,-16,,,3,111435,11206,409,,No,,,,
721,Anonymous,"2026-02-11 03:18:40","Addis Ababa",9.0422716,38.8651143,4G,"4G LTE",,-106,-15,,,3,111435,11206,409,,No,,,,
720,Anonymous,"2026-02-11 03:18:21","Addis Ababa",9.0422716,38.8651143,4G,"4G LTE",,-107,-14,,,3,111435,11206,409,,No,,,,
719,Anonymous,"2026-02-11 03:18:20","Addis Ababa",9.0422933,38.8651117,4G,"4G LTE",,-107,-14,,,3,111435,11206,409,,No,,,,
718,Anonymous,"2026-02-11 03:18:14","Addis Ababa",9.0422933,38.8651117,4G,"4G LTE",,-108,-13,,,3,111435,11206,409,,No,,,,
717,Anonymous,"2026-02-11 03:17:48","Addis Ababa",9.0422933,38.8651117,4G,"4G LTE",,-107,-14,,,3,111435,11206,409,,No,,,,
716,Anonymous,"2026-02-11 03:17:32","Addis Ababa",9.0422983,38.8651422,4G,"4G LTE",,-107,-15,,,3,111435,11206,409,,No,,,,
715,Anonymous,"2026-02-11 03:17:26","Addis Ababa",9.0422983,38.8651422,4G,"4G LTE",,-108,-16,,,3,111435,11206,409,,No,,,,
714,Anonymous,"2026-02-11 03:17:18","Addis Ababa",9.0422983,38.8651422,4G,"4G LTE",,-107,-15,,,3,111435,11206,409,,No,,,,
713,Anonymous,"2026-02-11 03:17:08","Addis Ababa",9.0422983,38.8651422,4G,"4G LTE",,-107,-15,,,3,111435,11206,409,,No,,,,
712,Anonymous,"2026-02-11 03:17:02","Addis Ababa",9.0422983,38.8651422,4G,"4G LTE",,-108,-15,,,3,111435,11206,409,,No,,,,
711,Anonymous,"2026-02-11 03:16:56","Addis Ababa",9.0422983,38.8651422,4G,"4G LTE",,-107,-16,,,3,111435,11206,409,,No,,,,
710,Anonymous,"2026-02-11 03:16:48","Addis Ababa",9.0422983,38.8651422,4G,"4G LTE",,-108,-16,,,3,111435,11206,409,,No,,,,
709,Anonymous,"2026-02-11 03:16:37","Addis Ababa",9.0422985,38.8651432,4G,"4G LTE",,-108,-16,,,3,111435,11206,409,,No,,,,
708,Anonymous,"2026-02-11 03:16:17","Addis Ababa",9.0422985,38.8651432,4G,"4G LTE",,-107,-15,,,3,111435,11206,409,,No,,,,
707,Anonymous,"2026-02-11 03:16:13","Addis Ababa",9.0422968,38.8651386,4G,"4G LTE",,-107,-15,,,3,111435,11206,409,,No,,,,
706,Anonymous,"2026-02-11 03:16:07","Addis Ababa",9.0422968,38.8651386,4G,"4G LTE",,-106,-16,,,3,111435,11206,409,,No,,,,
705,Anonymous,"2026-02-11 03:15:49","Addis Ababa",9.0422968,38.8651386,4G,"4G LTE",,-107,-15,,,3,111435,11206,409,,No,,,,
704,Anonymous,"2026-02-11 03:15:47","Addis Ababa",9.0422968,38.8651386,4G,"4G LTE",,-108,-15,,,3,111435,11206,409,,No,,,,
703,Anonymous,"2026-02-11 03:15:43","Addis Ababa",9.0422930,38.8651106,4G,"4G LTE",,-108,-15,,,3,111435,11206,409,,No,,,,
702,Anonymous,"2026-02-11 03:15:37","Addis Ababa",9.0422930,38.8651106,4G,"4G LTE",,-107,-14,,,3,111435,11206,409,,No,,,,
701,Anonymous,"2026-02-11 03:15:17","Addis Ababa",9.0422930,38.8651106,4G,"4G LTE",,-106,-16,,,3,111435,11206,409,,No,,,,
700,Anonymous,"2026-02-11 03:15:05","Addis Ababa",9.0422977,38.8651387,4G,"4G LTE",,-106,-16,,,3,111435,11206,409,,No,,,,
699,Anonymous,"2026-02-11 03:14:53","Addis Ababa",9.0422977,38.8651387,4G,"4G LTE",,-107,-15,,,3,111435,11206,409,,No,,,,
698,Anonymous,"2026-02-11 03:14:46","Addis Ababa",9.0422977,38.8651387,4G,"4G LTE",,-106,-16,,,3,111435,11206,409,,No,,,,
697,Anonymous,"2026-02-11 03:13:09","Addis Ababa",9.0422983,38.8651422,4G,"4G LTE",,-107,-15,,,3,111435,11206,409,,No,,,,
696,Anonymous,"2026-02-11 03:12:57","Addis Ababa",9.0422983,38.8651422,4G,"4G LTE",,-106,-14,,,3,111435,11206,409,,No,,,,
695,Anonymous,"2026-02-11 03:12:55","Addis Ababa",9.0422983,38.8651422,4G,"4G LTE",,-107,-15,,,3,111435,11206,409,,No,,,,
694,Anonymous,"2026-02-11 03:12:38","Addis Ababa",9.0422981,38.8651433,4G,"4G LTE",,-107,-14,,,3,111435,11206,409,,No,,,,
693,Anonymous,"2026-02-11 03:12:32","Addis Ababa",9.0422981,38.8651433,4G,"4G LTE",,-106,-11,,,3,111435,11206,409,,No,,,,
692,Anonymous,"2026-02-11 03:12:24","Addis Ababa",9.0422981,38.8651433,4G,"4G LTE",,-107,-12,,,3,111435,11206,409,,No,,,,
691,Anonymous,"2026-02-11 03:12:20","Addis Ababa",9.0422981,38.8651433,4G,"4G LTE",,-107,-12,,,3,111435,11206,409,,No,,,,
690,Anonymous,"2026-02-11 03:12:14","Addis Ababa",9.0422981,38.8651433,4G,"4G LTE",,-106,-14,,,3,111435,11206,409,,No,,,,
689,Anonymous,"2026-02-11 03:12:02","Addis Ababa",9.0422981,38.8651433,4G,"4G LTE",,-107,-14,,,3,111435,11206,409,,No,,,,
686,Anonymous,"2026-02-11 03:11:54","Addis Ababa",9.0422982,38.8651415,4G,"4G LTE",,-106,-14,,,3,111435,11206,409,,No,,,,
687,Anonymous,"2026-02-11 03:11:54","Addis Ababa",9.0422982,38.8651415,4G,"4G LTE",,-106,-14,,,3,111435,11206,409,,No,,,,
688,Anonymous,"2026-02-11 03:11:54","Addis Ababa",9.0422981,38.8651433,4G,"4G LTE",,-106,-14,,,3,111435,11206,409,,No,,,,
685,Anonymous,"2026-02-11 03:11:39","Addis Ababa",9.0422982,38.8651415,4G,"4G LTE",,-106,-15,,,3,111435,11206,409,,No,,,,
684,Anonymous,"2026-02-11 03:11:37","Addis Ababa",9.0422982,38.8651415,4G,"4G LTE",,-107,-15,,,3,111435,11206,409,,No,,,,
683,Anonymous,"2026-02-11 03:11:05","Addis Ababa",9.0422983,38.8651421,4G,"4G LTE",,-107,-14,,,3,111435,11206,409,,No,,,,
680,Anonymous,"2026-02-11 03:10:34","Addis Ababa",9.0422980,38.8651407,4G,"4G LTE",,-106,-13,,,3,111435,11206,409,,No,,,,
681,Anonymous,"2026-02-11 03:10:34","Addis Ababa",9.0422980,38.8651407,4G,"4G LTE",,-106,-13,,,3,111435,11206,409,,No,,,,
682,Anonymous,"2026-02-11 03:10:34","Addis Ababa",9.0422890,38.8651114,4G,"4G LTE",,-107,-13,,,3,111435,11206,409,,No,,,,
679,Anonymous,"2026-02-11 03:10:23","Addis Ababa",9.0422980,38.8651407,4G,"4G LTE",,-106,-13,,,3,111435,11206,409,,No,,,,
678,Anonymous,"2026-02-11 03:10:21","Addis Ababa",9.0422890,38.8651079,4G,"4G LTE",,-106,-13,,,3,111435,11206,409,,No,,,,
677,Anonymous,"2026-02-11 03:10:07","Addis Ababa",9.0422890,38.8651079,4G,"4G LTE",,-107,-12,,,3,111435,11206,409,,No,,,,
676,Anonymous,"2026-02-11 03:09:55","Addis Ababa",9.0422890,38.8651079,4G,"4G LTE",,-106,-15,,,3,111435,11206,409,,No,,,,
675,Anonymous,"2026-02-11 03:09:54","Addis Ababa",9.0422890,38.8651079,4G,"4G LTE",,-107,-14,,,3,111435,11206,409,,No,,,,
674,Anonymous,"2026-02-11 03:09:43","Addis Ababa",9.0422740,38.8651160,4G,"4G LTE",,-107,-14,,,3,111435,11206,409,,No,,,,
673,Anonymous,"2026-02-11 03:09:23","Addis Ababa",9.0422740,38.8651160,4G,"4G LTE",,-106,-12,,,3,111435,11206,409,,No,,,,
672,Anonymous,"2026-02-11 03:09:19","Addis Ababa",9.0422982,38.8651415,4G,"4G LTE",,-106,-12,,,3,111435,11206,409,,No,,,,
671,Anonymous,"2026-02-11 03:08:54","Addis Ababa",9.0422982,38.8651415,4G,"4G LTE",,-107,-14,,,3,111435,11206,409,,No,,,,
670,Anonymous,"2026-02-11 02:53:10","Addis Ababa",9.0422972,38.8651385,4G,"4G LTE",,-107,-14,,,3,111435,11206,409,,No,,,,
669,Anonymous,"2026-02-11 02:52:40","Addis Ababa",9.0422767,38.8651213,4G,"4G LTE",,-107,-14,,,3,111435,11206,409,,No,,,,
668,Anonymous,"2026-02-11 02:52:34","Addis Ababa",9.0422970,38.8651377,4G,"4G LTE",,-107,-14,,,3,111435,11206,409,,No,,,,
667,Anonymous,"2026-02-11 02:52:10","Addis Ababa",9.0422970,38.8651377,4G,"4G LTE",,-106,-14,,,3,111435,11206,409,,No,,,,
666,Anonymous,"2026-02-11 02:51:57","Addis Ababa",9.0422928,38.8651116,4G,"4G LTE",,-106,-14,,,3,111435,11206,409,,No,,,,
665,Anonymous,"2026-02-11 02:51:40","Addis Ababa",9.0422928,38.8651116,4G,"4G LTE",,-105,-13,,,3,111435,11206,409,,No,,,,
664,Anonymous,"2026-02-11 02:51:19","Addis Ababa",9.0422938,38.8651390,4G,"4G LTE",,-105,-13,,,3,111435,11206,409,,No,,,,
663,Anonymous,"2026-02-11 02:51:12","Addis Ababa",9.0422938,38.8651390,4G,"4G LTE",,-106,-13,,,3,111435,11206,409,,No,,,,
662,Anonymous,"2026-02-11 02:50:43","Addis Ababa",9.0422855,38.8651088,4G,"4G LTE",,-106,-13,,,3,111435,11206,409,,No,,,,
661,Anonymous,"2026-02-11 02:50:41","Addis Ababa",9.0422855,38.8651088,4G,"4G LTE",,-107,-14,,,3,111435,11206,409,,No,,,,
660,Anonymous,"2026-02-11 02:50:31","Addis Ababa",9.0422885,38.8651084,4G,"4G LTE",,-107,-14,,,3,111435,11206,409,,No,,,,
659,Anonymous,"2026-02-11 02:50:11","Addis Ababa",9.0422885,38.8651084,4G,"4G LTE",,-106,-12,,,3,111435,11206,409,,No,,,,
658,Anonymous,"2026-02-11 02:50:07","Addis Ababa",9.0422957,38.8651381,4G,"4G LTE",,-106,-12,,,3,111435,11206,409,,No,,,,
657,Anonymous,"2026-02-11 02:49:55","Addis Ababa",9.0422957,38.8651381,4G,"4G LTE",,-107,-15,,,3,111435,11206,409,,No,,,,
655,Anonymous,"2026-02-11 02:49:40","Addis Ababa",9.0422957,38.8651381,4G,"4G LTE",,-107,-12,,,3,111435,11206,409,,No,,,,
656,Anonymous,"2026-02-11 02:49:40","Addis Ababa",9.0422957,38.8651381,4G,"4G LTE",,-106,-12,,,3,111435,11206,409,,No,,,,
654,Anonymous,"2026-02-11 02:49:16","Addis Ababa",9.0422985,38.8651430,4G,"4G LTE",,-107,-12,,,3,111435,11206,409,,No,,,,
653,Anonymous,"2026-02-11 02:49:15","Addis Ababa",9.0422985,38.8651430,4G,"4G LTE",,-106,-9,,,3,111435,11206,409,,No,,,,
652,Anonymous,"2026-02-11 02:48:24","Addis Ababa",9.0422973,38.8651417,4G,"4G LTE",,-107,-14,,,3,111435,11206,409,,No,,,,
651,Anonymous,"2026-02-11 02:48:22","Addis Ababa",9.0422973,38.8651417,4G,"4G LTE",,-108,-11,,,3,111435,11206,409,,No,,,,
649,Anonymous,"2026-02-11 02:47:23","Addis Ababa",9.0422987,38.8651425,4G,"4G LTE",,-108,-12,,,3,111435,11206,409,,No,,,,
650,Anonymous,"2026-02-11 02:47:23","Addis Ababa",9.0422974,38.8651417,4G,"4G LTE",,-108,-12,,,3,111435,11206,409,,No,,,,
648,Anonymous,"2026-02-11 02:46:58","Addis Ababa",9.0422987,38.8651425,4G,"4G LTE",,-107,-13,,,3,111435,11206,409,,No,,,,
647,Anonymous,"2026-02-11 02:46:53","Addis Ababa",9.0422987,38.8651425,4G,"4G LTE",,-108,-13,,,3,111435,11206,409,,No,,,,
646,Anonymous,"2026-02-11 02:46:52","Addis Ababa",9.0422975,38.8651393,4G,"4G LTE",,-108,-13,,,3,111435,11206,409,,No,,,,
645,Anonymous,"2026-02-11 02:46:46","Addis Ababa",9.0422975,38.8651393,4G,"4G LTE",,-107,-14,,,3,111435,11206,409,,No,,,,
644,Anonymous,"2026-02-11 02:46:40","Addis Ababa",9.0422975,38.8651393,4G,"4G LTE",,-106,-12,,,3,111435,11206,409,,No,,,,
643,Anonymous,"2026-02-11 02:46:28","Addis Ababa",9.0422975,38.8651393,4G,"4G LTE",,-107,-14,,,3,111435,11206,409,,No,,,,
642,Anonymous,"2026-02-11 02:46:23","Addis Ababa",9.0422975,38.8651393,4G,"4G LTE",,-106,-13,,,3,111435,11206,409,,No,,,,
641,Anonymous,"2026-02-11 02:46:16","Addis Ababa",9.0422703,38.8651141,4G,"4G LTE",,-106,-13,,,3,111435,11206,409,,No,,,,
640,Anonymous,"2026-02-11 02:45:54","Addis Ababa",9.0422703,38.8651141,4G,"4G LTE",,-107,-14,,,3,111435,11206,409,,No,,,,
639,Anonymous,"2026-02-11 02:45:37","Addis Ababa",9.0422732,38.8651158,4G,"4G LTE",,-107,-13,,,3,111435,11206,409,,No,,,,
638,Anonymous,"2026-02-11 02:45:24","Addis Ababa",9.0422732,38.8651158,4G,"4G LTE",,-106,-14,,,3,111435,11206,409,,No,,,,
637,Anonymous,"2026-02-11 02:45:19","Addis Ababa",9.0422877,38.8651075,4G,"4G LTE",,-106,-14,,,3,111435,11206,409,,No,,,,
636,Anonymous,"2026-02-11 02:45:13","Addis Ababa",9.0422877,38.8651075,4G,"4G LTE",,-107,-11,,,3,111435,11206,409,,No,,,,
635,Anonymous,"2026-02-11 02:45:01","Addis Ababa",9.0422877,38.8651075,4G,"4G LTE",,-108,-12,,,3,111435,11206,409,,No,,,,
634,Anonymous,"2026-02-11 02:44:55","Addis Ababa",9.0422877,38.8651075,4G,"4G LTE",,-109,-11,,,3,111435,11206,409,,No,,,,
633,Anonymous,"2026-02-11 02:44:53","Addis Ababa",9.0422877,38.8651075,4G,"4G LTE",,-108,-11,,,3,111435,11206,409,,No,,,,
632,Anonymous,"2026-02-11 02:44:49","Addis Ababa",9.0422930,38.8651450,4G,"4G LTE",,-108,-11,,,3,111435,11206,409,,No,,,,
631,Anonymous,"2026-02-11 02:44:43","Addis Ababa",9.0422930,38.8651450,4G,"4G LTE",,-107,-10,,,3,111435,11206,409,,No,,,,
630,Anonymous,"2026-02-11 02:44:37","Addis Ababa",9.0422930,38.8651450,4G,"4G LTE",,-103,-12,,,3,111435,11206,409,,No,,,,
629,Anonymous,"2026-02-11 02:44:23","Addis Ababa",9.0422930,38.8651450,4G,"4G LTE",,-104,-10,,,3,111435,11206,409,,No,,,,
628,Anonymous,"2026-02-11 02:41:04","Addis Ababa",9.0422983,38.8651415,4G,"4G LTE",,-103,-10,,,3,111435,11206,409,,No,,,,
627,Anonymous,"2026-02-11 02:40:50","Addis Ababa",9.0422983,38.8651415,4G,"4G LTE",,-105,-9,,,3,111435,11206,409,,No,,,,
626,Anonymous,"2026-02-11 02:40:44","Addis Ababa",9.0422983,38.8651415,4G,"4G LTE",,-106,-9,,,3,111435,11206,409,,No,,,,
625,Anonymous,"2026-02-11 02:40:43","Addis Ababa",9.0422983,38.8651415,4G,"4G LTE",,-107,-10,,,3,111435,11206,409,,No,,,,
624,Anonymous,"2026-02-11 02:40:38","Addis Ababa",9.0422911,38.8651460,4G,"4G LTE",,-107,-10,,,3,111435,11206,409,,No,,,,
623,Anonymous,"2026-02-11 02:40:13","Addis Ababa",9.0422911,38.8651460,4G,"4G LTE",,-106,-10,,,3,111435,11206,409,,No,,,,
622,Anonymous,"2026-02-11 02:39:51","Addis Ababa",9.0422926,38.8651471,4G,"4G LTE",,-106,-11,,,3,111435,11206,409,,No,,,,
621,Anonymous,"2026-02-11 02:39:45","Addis Ababa",9.0422926,38.8651471,4G,"4G LTE",,-105,-9,,,3,111435,11206,409,,No,,,,
620,Anonymous,"2026-02-11 02:39:44","Addis Ababa",9.0422926,38.8651471,4G,"4G LTE",,-113,-12,,,5,111435,11206,410,,No,,,,
619,Anonymous,"2026-02-11 02:39:43","Addis Ababa",9.0422981,38.8651433,4G,"4G LTE",,-113,-12,,,5,111435,11206,410,,No,,,,
618,Anonymous,"2026-02-11 02:39:37","Addis Ababa",9.0422981,38.8651433,4G,"4G LTE",,-111,-14,,,142,111119,11206,217,,No,,,,
617,Anonymous,"2026-02-11 02:39:31","Addis Ababa",9.0422981,38.8651433,4G,"4G LTE",,-113,-14,,,142,111119,11206,217,,No,,,,
616,Anonymous,"2026-02-11 02:39:25","Addis Ababa",9.0422981,38.8651433,4G,"4G LTE",,-110,-14,,,142,111119,11206,217,,No,,,,
615,Anonymous,"2026-02-11 02:39:15","Addis Ababa",9.0422981,38.8651433,4G,"4G LTE",,-111,-10,,,142,111119,11206,217,,No,,,,
614,Anonymous,"2026-02-11 02:39:13","Addis Ababa",9.0422981,38.8651433,4G,"4G LTE",,-109,-10,,,142,111119,11206,217,,No,,,,
613,Anonymous,"2026-02-10 21:35:41","Addis Ababa",9.0165691,38.8921708,4G,"4G LTE",,-79,-10,,,144,113052,11206,451,,No,,,,
612,Anonymous,"2026-02-10 21:29:03","Addis Ababa",9.0165322,38.8921440,4G,"4G LTE",,-83,-8,,,1,113052,11206,384,,No,,,,
611,Anonymous,"2026-02-10 21:28:53","Addis Ababa",9.0165322,38.8921440,4G,"4G LTE",,-84,-9,,,1,113052,11206,384,,No,,,,
610,Anonymous,"2026-02-10 21:28:46","Addis Ababa",9.0165322,38.8921440,4G,"4G LTE",,-80,-9,,,1,113052,11206,384,,No,,,,
609,Anonymous,"2026-02-10 21:28:33","Addis Ababa",9.0165436,38.8921420,4G,"4G LTE",,-80,-8,,,1,113052,11206,384,,No,,,,
608,Anonymous,"2026-02-10 21:28:23","Addis Ababa",9.0165436,38.8921420,4G,"4G LTE",,-81,-8,,,1,113052,11206,384,,No,,,,
606,Anonymous,"2026-02-10 21:28:15","Addis Ababa",9.0165436,38.8921420,unknown,unknown,,,,,,,,,,,No,,,,
607,Anonymous,"2026-02-10 21:28:15","Addis Ababa",9.0165436,38.8921420,4G,"4G LTE",,-80,-8,,,1,113052,11206,384,,No,,,,
605,Anonymous,"2026-02-10 21:25:49","Addis Ababa",9.0165381,38.8921485,4G,"4G LTE",,-78,-8,,,1,113052,11206,384,,No,,,,
604,Anonymous,"2026-02-10 21:25:41","Addis Ababa",9.0165381,38.8921485,4G,"4G LTE",,-76,-10,,,1,113052,11206,384,,No,,,,
603,Anonymous,"2026-02-10 21:24:16","Addis Ababa",9.0165896,38.8921699,4G,"4G LTE",,-81,-10,,,1,113052,11206,384,,No,,,,
602,Anonymous,"2026-02-10 21:23:54","Addis Ababa",9.0165439,38.8921447,4G,"4G LTE",,-81,-9,,,1,113052,11206,384,,No,,,,
601,Anonymous,"2026-02-10 21:23:46","Addis Ababa",9.0165439,38.8921447,4G,"4G LTE",,-80,-10,,,1,113052,11206,384,,No,,,,
600,Anonymous,"2026-02-10 12:31:50",Unknown,9.0023574,38.7668461,4G,"4G LTE",,-84,-6,,,4,113955,11243,97,,No,,,,
599,Anonymous,"2026-02-10 12:31:46",Unknown,9.0023574,38.7668461,4G,"4G LTE",,-81,-5,,,4,113955,11243,97,,No,,,,
598,Anonymous,"2026-02-10 12:31:32",Unknown,9.0023596,38.7668546,4G,"4G LTE",,-81,-5,,,4,113955,11243,97,,No,,,,
597,Anonymous,"2026-02-10 12:31:17",Unknown,9.0023596,38.7668546,4G,"4G LTE",,-84,-8,,,4,113955,11243,97,,No,,,,
596,Anonymous,"2026-02-10 12:31:14",Unknown,9.0023730,38.7668449,4G,"4G LTE",,-84,-8,,,4,113955,11243,97,,No,,,,
595,Anonymous,"2026-02-10 12:31:04",Unknown,9.0023730,38.7668449,4G,"4G LTE",,-81,-7,,,4,113955,11243,97,,No,,,,
594,Anonymous,"2026-02-10 12:30:54",Unknown,9.0023730,38.7668449,4G,"4G LTE",,-84,-6,,,4,113955,11243,97,,No,,,,
593,Anonymous,"2026-02-10 12:30:47",Unknown,9.0023730,38.7668449,4G,"4G LTE",,-81,-6,,,4,113955,11243,97,,No,,,,
592,Anonymous,"2026-02-10 12:30:36",Unknown,9.0023551,38.7668624,4G,"4G LTE",,-81,-6,,,4,113955,11243,97,,No,,,,
591,Anonymous,"2026-02-10 12:30:26",Unknown,9.0023551,38.7668624,4G,"4G LTE",,-79,-6,,,4,113955,11243,97,,No,,,,
589,Anonymous,"2026-02-10 12:30:18",Unknown,9.0023551,38.7668624,4G,"4G LTE",,-73,-7,,,1,113955,11243,97,,No,,,,
590,Anonymous,"2026-02-10 12:30:18",Unknown,9.0023551,38.7668624,4G,"4G LTE",,-73,-7,,,1,113955,11243,97,,No,,,,
588,Anonymous,"2026-02-10 12:28:37",Unknown,9.0023571,38.7668376,4G,"4G LTE",,-76,-5,,,1,113955,11243,97,,No,,,,
587,Anonymous,"2026-02-10 12:23:34",Unknown,9.0023571,38.7668376,4G,"4G LTE",,-76,-5,,,1,113955,11243,97,,No,,,,
586,Anonymous,"2026-02-10 12:23:32",Unknown,9.0023551,38.7668606,4G,"4G LTE",,-76,-5,,,1,113955,11243,97,,No,,,,
584,Anonymous,"2026-02-10 12:23:04",Unknown,9.0023551,38.7668606,4G,"4G LTE",,-78,-5,,,1,113955,11243,97,,No,,,,
585,Anonymous,"2026-02-10 12:23:04",Unknown,9.0023551,38.7668606,4G,"4G LTE",,-78,-5,,,1,113955,11243,97,,No,,,,
583,Anonymous,"2026-02-10 12:19:57",Unknown,9.0023774,38.7668442,5G,"5G NR (NSA)",,-75,-7,,,4,113955,11243,97,,No,,,,
582,Anonymous,"2026-02-10 12:19:51",Unknown,9.0023774,38.7668442,4G,"4G LTE",,-74,-5,,,4,113955,11243,97,,No,,,,
581,Anonymous,"2026-02-10 12:19:47",Unknown,9.0023598,38.7668337,4G,"4G LTE",,-74,-5,,,4,113955,11243,97,,No,,,,
580,Anonymous,"2026-02-10 12:19:27",Unknown,9.0023598,38.7668337,4G,"4G LTE",,-77,-5,,,4,113955,11243,97,,No,,,,
579,Anonymous,"2026-02-10 12:19:21",Unknown,9.0023598,38.7668337,4G,"4G LTE",,-84,-6,,,4,113955,11243,97,,No,,,,
578,Anonymous,"2026-02-10 12:19:17",Unknown,9.0023743,38.7668471,4G,"4G LTE",,-84,-6,,,4,113955,11243,97,,No,,,,
577,Anonymous,"2026-02-10 12:18:57",Unknown,9.0023743,38.7668471,4G,"4G LTE",,-78,-7,,,4,113955,11243,97,,No,,,,
576,Anonymous,"2026-02-10 12:18:51",Unknown,9.0023743,38.7668471,4G,"4G LTE",,-84,-7,,,4,113955,11243,97,,No,,,,
575,Anonymous,"2026-02-10 12:18:39",Unknown,9.0023709,38.7668552,4G,"4G LTE",,-84,-7,,,4,113955,11243,97,,No,,,,
574,Anonymous,"2026-02-10 12:18:23",Unknown,9.0023709,38.7668552,4G,"4G LTE",,-86,-10,,,4,113955,11243,97,,No,,,,
572,Anonymous,"2026-02-10 12:02:17",Unknown,9.0023683,38.7668487,unknown,unknown,,,,,,,,,,,No,,,,
573,Anonymous,"2026-02-10 12:02:17",Unknown,9.0023683,38.7668487,4G,"4G LTE",,-81,-7,,,4,113955,11243,97,,No,,,,
571,Anonymous,"2026-02-10 12:02:05",Unknown,9.0023432,38.7668332,4G,"4G LTE",,-80,-8,,,4,113955,11243,97,,No,,,,
570,Anonymous,"2026-02-10 11:56:43",Unknown,9.0023472,38.7668211,4G,"4G LTE",,-82,-9,,,4,113955,11243,97,,No,,,,
569,Anonymous,"2026-02-10 11:33:50",Unknown,9.0023356,38.7668151,4G,"4G LTE",,-79,-8,,,4,113955,11243,97,,No,,,,
568,Anonymous,"2026-02-10 11:27:47",Unknown,9.0023270,38.7668165,4G,"4G LTE",,-78,-7,,,4,113955,11243,97,,No,,,,
566,Anonymous,"2026-02-10 11:27:45",Unknown,9.0023270,38.7668165,4G,"4G LTE",,-80,-8,,,4,113955,11243,97,,No,,,,
567,Anonymous,"2026-02-10 11:27:45",Unknown,9.0023270,38.7668165,unknown,unknown,,,,,,,,,,,No,,,,
564,Anonymous,"2026-02-10 11:22:14",Unknown,9.0023246,38.7668212,4G,"4G LTE",,-77,-8,,,4,113955,11243,97,,No,,,,
565,Anonymous,"2026-02-10 11:22:14",Unknown,9.0023367,38.7668138,4G,"4G LTE",,-77,-8,,,4,113955,11243,97,,No,,,,
563,Anonymous,"2026-02-10 11:18:55",Unknown,9.0023246,38.7668212,4G,"4G LTE",,-76,-8,,,4,113955,11243,97,,No,,,,
562,Anonymous,"2026-02-10 11:18:48",Unknown,9.0023246,38.7668212,4G,"4G LTE",,-77,-8,,,4,113955,11243,97,,No,,,,
561,Anonymous,"2026-02-10 11:18:45",Unknown,9.0023283,38.7668218,4G,"4G LTE",,-77,-8,,,4,113955,11243,97,,No,,,,
560,Anonymous,"2026-02-10 11:18:25",Unknown,9.0023283,38.7668218,4G,"4G LTE",,-81,-9,,,4,113955,11243,97,,No,,,,
559,Anonymous,"2026-02-10 11:18:18",Unknown,9.0023283,38.7668218,4G,"4G LTE",,-77,-8,,,4,113955,11243,97,,No,,,,
558,Anonymous,"2026-02-10 11:18:15",Unknown,9.0023360,38.7668162,4G,"4G LTE",,-77,-8,,,4,113955,11243,97,,No,,,,
557,Anonymous,"2026-02-10 11:18:05",Unknown,9.0023360,38.7668162,4G,"4G LTE",,-78,-8,,,4,113955,11243,97,,No,,,,
556,Anonymous,"2026-02-10 11:17:53",Unknown,9.0023360,38.7668162,4G,"4G LTE",,-83,-10,,,4,113955,11243,97,,No,,,,
555,Anonymous,"2026-02-10 11:17:47",Unknown,9.0023360,38.7668162,4G,"4G LTE",,-82,-11,,,2,113295,11243,415,,No,,,,
554,Anonymous,"2026-02-10 11:17:45",Unknown,9.0023358,38.7668173,4G,"4G LTE",,-82,-11,,,2,113295,11243,415,,No,,,,
553,Anonymous,"2026-02-10 11:17:44",Unknown,9.0023358,38.7668173,4G,"4G LTE",,-84,-11,,,2,113295,11243,415,,No,,,,
552,Anonymous,"2026-02-10 10:44:21",Unknown,9.0023358,38.7668173,4G,"4G LTE",,-81,-7,,,4,113955,11243,97,,No,,,,
550,Anonymous,"2026-02-10 10:44:03",Unknown,9.0023358,38.7668173,4G,"4G LTE",,-82,-6,,,4,113955,11243,97,,No,,,,
551,Anonymous,"2026-02-10 10:44:03",Unknown,9.0023358,38.7668173,4G,"4G LTE",,-82,-6,,,4,113955,11243,97,,No,,,,
549,Anonymous,"2026-02-10 10:33:21",Unknown,9.0023393,38.7668207,4G,"4G LTE",,-84,-7,,,4,113955,11243,97,,No,,,,
548,Anonymous,"2026-02-10 10:33:09",Unknown,9.0023375,38.7668113,4G,"4G LTE",,-84,-7,,,4,113955,11243,97,,No,,,,
546,Anonymous,"2026-02-10 10:32:50",Unknown,9.0023375,38.7668113,4G,"4G LTE",,-74,-4,,,4,113955,11243,97,,No,,,,
547,Anonymous,"2026-02-10 10:32:50",Unknown,9.0023375,38.7668113,4G,"4G LTE",,-87,-9,,,4,113955,11243,97,,No,,,,
545,Anonymous,"2026-02-10 10:29:00",Unknown,9.0022970,38.7668093,4G,"4G LTE",,-74,-4,,,4,113955,11243,97,,No,,,,
544,Anonymous,"2026-02-10 10:28:58",Unknown,9.0023033,38.7668215,4G,"4G LTE",,-74,-4,,,4,113955,11243,97,,No,,,,
543,Anonymous,"2026-02-10 10:28:48",Unknown,9.0023033,38.7668215,4G,"4G LTE",,-76,-5,,,4,113955,11243,97,,No,,,,
542,Anonymous,"2026-02-10 10:28:38",Unknown,9.0023033,38.7668215,4G,"4G LTE",,-79,-5,,,4,113955,11243,97,,No,,,,
541,Anonymous,"2026-02-10 10:28:30",Unknown,9.0023033,38.7668215,4G,"4G LTE",,-78,-5,,,4,113955,11243,97,,No,,,,
540,Anonymous,"2026-02-10 10:28:28",Unknown,9.0023449,38.7668182,4G,"4G LTE",,-78,-5,,,4,113955,11243,97,,No,,,,
539,Anonymous,"2026-02-10 10:28:18",Unknown,9.0023449,38.7668182,4G,"4G LTE",,-79,-5,,,4,113955,11243,97,,No,,,,
538,Anonymous,"2026-02-10 10:28:08",Unknown,9.0023449,38.7668182,4G,"4G LTE",,-72,-8,,,4,113955,11243,97,,No,,,,
537,Anonymous,"2026-02-10 10:28:00",Unknown,9.0023449,38.7668182,4G,"4G LTE",,-70,-6,,,4,113955,11243,97,,No,,,,
536,Anonymous,"2026-02-10 10:27:58",Unknown,9.0023578,38.7668171,4G,"4G LTE",,-70,-6,,,4,113955,11243,97,,No,,,,
535,Anonymous,"2026-02-10 10:27:38",Unknown,9.0023578,38.7668171,4G,"4G LTE",,-80,-7,,,4,113955,11243,97,,No,,,,
534,Anonymous,"2026-02-10 10:27:30",Unknown,9.0023578,38.7668171,4G,"4G LTE",,-79,-4,,,4,113955,11243,97,,No,,,,
533,Anonymous,"2026-02-10 10:27:28",Unknown,9.0024386,38.7667922,4G,"4G LTE",,-79,-4,,,4,113955,11243,97,,No,,,,
532,Anonymous,"2026-02-10 10:27:18",Unknown,9.0024386,38.7667922,4G,"4G LTE",,-74,-5,,,4,113955,11243,97,,No,,,,
531,Anonymous,"2026-02-10 10:27:01",Unknown,9.0024386,38.7667922,4G,"4G LTE",,-73,-4,,,4,113955,11243,97,,No,,,,
530,Anonymous,"2026-02-05 09:19:18",Unknown,9.0165178,38.8921218,4G,"4G LTE",,-84,-12,,,144,113052,11206,451,,No,,,,
529,Anonymous,"2026-02-05 09:16:41",Unknown,9.0165183,38.8921216,4G,"4G LTE",,-82,-11,,,144,113052,11206,451,,No,,,,
528,Anonymous,"2026-02-04 11:21:19",Unknown,9.0023267,38.7668090,5G,"5G NR (NSA)",,-81,-10,,,2,113295,11243,415,,No,,,,
527,Anonymous,"2026-02-04 11:21:13",Unknown,9.0023065,38.7667941,5G,"5G NR (NSA)",,-81,-7,,,2,113295,11243,97,,No,,,,
526,Anonymous,"2026-02-04 11:20:55",Unknown,9.0023065,38.7667941,5G,"5G NR (NSA)",,-84,-12,,,2,113295,11243,415,,No,,,,
525,Anonymous,"2026-02-04 11:20:49",Unknown,9.0023065,38.7667941,5G,"5G NR (NSA)",,-88,-11,,,2,113295,11243,415,,No,,,,
524,Anonymous,"2026-02-04 11:20:45",Unknown,9.0023383,38.7668210,5G,"5G NR (NSA)",,-88,-11,,,2,113295,11243,415,,No,,,,
523,Anonymous,"2026-02-04 11:20:35",Unknown,9.0023383,38.7668210,5G,"5G NR (NSA)",,-83,-11,,,2,113295,11243,415,,No,,,,
522,Anonymous,"2026-02-04 11:20:29",Unknown,9.0023383,38.7668210,5G,"5G NR (NSA)",,-82,-12,,,2,113295,11243,415,,No,,,,
521,Anonymous,"2026-02-04 11:20:23",Unknown,9.0023383,38.7668210,5G,"5G NR (NSA)",,-83,-12,,,2,113295,11243,415,,No,,,,
520,Anonymous,"2026-02-04 11:20:22",Unknown,9.0023383,38.7668210,5G,"5G NR (NSA)",,-81,-11,,,2,113295,11243,415,,No,,,,
519,Anonymous,"2026-02-04 11:20:19",Unknown,9.0023321,38.7668148,5G,"5G NR (NSA)",,-81,-11,,,2,113295,11243,415,,No,,,,
518,Anonymous,"2026-02-04 11:20:11",Unknown,9.0023321,38.7668148,5G,"5G NR (NSA)",,-83,-11,,,2,113295,11243,415,,No,,,,
517,Anonymous,"2026-02-04 11:19:52",Unknown,9.0023321,38.7668148,5G,"5G NR (NSA)",,-82,-10,,,2,113295,11243,415,,No,,,,
516,Anonymous,"2026-02-04 11:19:41",Unknown,9.0023252,38.7668133,5G,"5G NR (NSA)",,-82,-11,,,2,113295,11243,415,,No,,,,
515,Anonymous,"2026-02-04 11:19:31",Unknown,9.0023252,38.7668133,5G,"5G NR (NSA)",,-86,-12,,,2,113295,11243,415,,No,,,,
514,Anonymous,"2026-02-04 11:19:23",Unknown,9.0023252,38.7668133,5G,"5G NR (NSA)",,-84,-10,,,2,113295,11243,415,,No,,,,
513,Anonymous,"2026-02-04 08:34:27",Unknown,9.0023163,38.7668078,5G,"5G NR (NSA)",,-85,-12,,,2,113295,11243,415,,No,,,,
512,Anonymous,"2026-02-04 08:29:52",Unknown,9.0023163,38.7668078,5G,"5G NR (NSA)",,-79,-11,,,2,113295,11243,415,,No,,,,
511,Anonymous,"2026-02-04 08:29:39",Unknown,9.0023267,38.7668142,5G,"5G NR (NSA)",,-79,-11,,,2,113295,11243,415,,No,,,,
510,Anonymous,"2026-02-04 08:29:28",Unknown,9.0023267,38.7668142,5G,"5G NR (NSA)",,-80,-12,,,2,113295,11243,415,,No,,,,
509,Anonymous,"2026-02-04 08:29:22",Unknown,9.0023267,38.7668142,5G,"5G NR (NSA)",,-79,-11,,,2,113295,11243,415,,No,,,,
508,Anonymous,"2026-02-04 08:29:19",Unknown,9.0021786,38.7665286,5G,"5G NR (NSA)",,-79,-11,,,2,113295,11243,415,,No,,,,
507,Anonymous,"2026-02-04 08:29:08",Unknown,9.0021786,38.7665286,5G,"5G NR (NSA)",,-80,-11,,,2,113295,11243,415,,No,,,,
506,Anonymous,"2026-02-04 08:28:58",Unknown,9.0021786,38.7665286,5G,"5G NR (NSA)",,-83,-11,,,2,113295,11243,415,,No,,,,
505,Anonymous,"2026-02-04 08:28:52",Unknown,9.0021786,38.7665286,5G,"5G NR (NSA)",,-80,-10,,,2,113295,11243,415,,No,,,,
504,Anonymous,"2026-02-04 08:28:48",Unknown,9.0023189,38.7668062,5G,"5G NR (NSA)",,-80,-10,,,2,113295,11243,415,,No,,,,
503,Anonymous,"2026-02-04 08:28:38",Unknown,9.0023189,38.7668062,5G,"5G NR (NSA)",,-79,-11,,,2,113295,11243,415,,No,,,,
502,Anonymous,"2026-02-04 08:28:26",Unknown,9.0023189,38.7668062,5G,"5G NR (NSA)",,-76,-11,,,2,113295,11243,415,,No,,,,
500,Anonymous,"2026-02-04 08:28:23",Unknown,9.0023189,38.7668062,4G,"4G LTE",,-71,-9,,,2,113295,11243,415,,No,,,,
501,Anonymous,"2026-02-04 08:28:23",Unknown,9.0023189,38.7668062,4G,"4G LTE",,-71,-9,,,2,113295,11243,415,,No,,,,
499,Anonymous,"2026-02-04 08:26:28",Unknown,9.0023094,38.7667955,5G,"5G NR (NSA)",,-81,-11,,,2,113295,11243,415,,No,,,,
498,Anonymous,"2026-02-04 08:26:20",Unknown,9.0023094,38.7667955,5G,"5G NR (NSA)",,-77,-10,,,2,113295,11243,415,,No,,,,
497,Anonymous,"2026-02-04 08:26:14",Unknown,9.0023094,38.7667955,5G,"5G NR (NSA)",,-82,-10,,,2,113295,11243,415,,No,,,,
496,Anonymous,"2026-02-04 08:26:06",Unknown,9.0023094,38.7667955,5G,"5G NR (NSA)",,-78,-10,,,2,113295,11243,415,,No,,,,
495,Anonymous,"2026-02-04 08:26:04",Unknown,9.0023094,38.7667955,4G,"4G LTE",,-70,-10,,,2,113295,11243,415,,No,,,,
494,Anonymous,"2026-02-04 08:26:00",Unknown,9.0023094,38.7667955,4G,"4G LTE",,-73,-10,,,8,113295,11243,415,,No,,,,
493,Anonymous,"2026-02-03 09:09:40",Unknown,9.0023279,38.7668105,4G,"4G LTE",,-77,-7,,,4,113955,11243,97,,No,,,,
492,Anonymous,"2026-02-03 09:09:26",Unknown,9.0023279,38.7668105,4G,"4G LTE",,-76,-5,,,4,113955,11243,97,,No,,,,
491,Anonymous,"2026-02-03 08:52:33",Unknown,9.0023285,38.7668099,5G,"5G NR (NSA)",,-76,-10,,,2,113295,11243,415,,No,,,,
490,Anonymous,"2026-02-03 08:52:31",Unknown,9.0023285,38.7668099,5G,"5G NR (NSA)",,-72,-8,,,2,113295,11243,97,,No,,,,
489,Anonymous,"2026-02-03 08:52:23",Unknown,9.0023285,38.7668099,4G,"4G LTE",,-79,-5,,,4,113955,11243,97,,No,,,,
488,Anonymous,"2026-02-03 08:52:13",Unknown,9.0023285,38.7668099,4G,"4G LTE",,-78,-6,,,4,113955,11243,97,,No,,,,
487,Anonymous,"2026-02-03 08:52:05",Unknown,9.0023285,38.7668099,4G,"4G LTE",,-79,-8,,,4,113955,11243,97,,No,,,,
486,Anonymous,"2026-02-03 08:52:03",Unknown,9.0023312,38.7668160,4G,"4G LTE",,-79,-8,,,4,113955,11243,97,,No,,,,
485,Anonymous,"2026-02-03 08:51:53",Unknown,9.0023312,38.7668160,4G,"4G LTE",,-75,-5,,,4,113955,11243,97,,No,,,,
484,Anonymous,"2026-02-03 08:51:35",Unknown,9.0023312,38.7668160,4G,"4G LTE",,-80,-6,,,4,113955,11243,97,,No,,,,
483,Anonymous,"2026-02-03 08:50:12",Unknown,9.0023171,38.7668036,4G,"4G LTE",,-75,-6,,,4,113955,11243,97,,No,,,,
482,Anonymous,"2026-02-03 08:49:59",Unknown,9.0023171,38.7668036,4G,"4G LTE",,-76,-6,,,4,113955,11243,97,,No,,,,
481,Anonymous,"2026-02-03 08:49:56",Unknown,9.0023286,38.7668118,4G,"4G LTE",,-76,-6,,,4,113955,11243,97,,No,,,,
480,Anonymous,"2026-02-03 08:49:46",Unknown,9.0023286,38.7668118,4G,"4G LTE",,-75,-8,,,4,113955,11243,97,,No,,,,
478,Anonymous,"2026-02-03 08:49:28",Unknown,9.0023286,38.7668118,4G,"4G LTE",,-78,-7,,,4,113955,11243,97,,No,,,,
479,Anonymous,"2026-02-03 08:49:28",Unknown,9.0023286,38.7668118,4G,"4G LTE",,-78,-7,,,4,113955,11243,97,,No,,,,
477,Anonymous,"2026-02-03 08:40:58",Unknown,9.0023307,38.7668022,4G,"4G LTE",,-75,-6,,,4,113955,11243,97,,No,,,,
476,Anonymous,"2026-02-03 08:40:37",Unknown,9.0023307,38.7668022,4G,"4G LTE",,-80,-8,,,4,113955,11243,97,,No,,,,
475,Anonymous,"2026-02-03 08:40:34",Unknown,9.0023249,38.7668080,4G,"4G LTE",,-80,-8,,,4,113955,11243,97,,No,,,,
474,Anonymous,"2026-02-03 08:40:24",Unknown,9.0023249,38.7668080,4G,"4G LTE",,-82,-9,,,4,113955,11243,97,,No,,,,
473,Anonymous,"2026-02-03 08:40:14",Unknown,9.0023249,38.7668080,4G,"4G LTE",,-79,-8,,,4,113955,11243,97,,No,,,,
472,Anonymous,"2026-02-03 08:40:07",Unknown,9.0023249,38.7668080,4G,"4G LTE",,-77,-8,,,4,113955,11243,97,,No,,,,
471,Anonymous,"2026-02-03 08:39:54",Unknown,9.0023224,38.7668053,4G,"4G LTE",,-77,-8,,,4,113955,11243,97,,No,,,,
470,Anonymous,"2026-02-03 08:39:44",Unknown,9.0023224,38.7668053,4G,"4G LTE",,-78,-6,,,4,113955,11243,97,,No,,,,
469,Anonymous,"2026-02-03 08:39:37",Unknown,9.0023224,38.7668053,4G,"4G LTE",,-77,-6,,,4,113955,11243,97,,No,,,,
468,Anonymous,"2026-02-03 08:39:24",Unknown,9.0023275,38.7668096,4G,"4G LTE",,-77,-6,,,4,113955,11243,97,,No,,,,
467,Anonymous,"2026-02-03 08:39:14",Unknown,9.0023275,38.7668096,4G,"4G LTE",,-75,-6,,,4,113955,11243,97,,No,,,,
466,Anonymous,"2026-02-03 08:39:07",Unknown,9.0023275,38.7668096,4G,"4G LTE",,-78,-8,,,4,113955,11243,97,,No,,,,
465,Anonymous,"2026-02-03 08:38:54",Unknown,9.0023274,38.7668090,4G,"4G LTE",,-78,-8,,,4,113955,11243,97,,No,,,,
464,Anonymous,"2026-02-03 08:38:41",Unknown,9.0023274,38.7668090,4G,"4G LTE",,-77,-7,,,4,113955,11243,97,,No,,,,
463,Anonymous,"2026-02-03 08:38:38",Unknown,9.0023164,38.7668014,4G,"4G LTE",,-77,-7,,,4,113955,11243,97,,No,,,,
462,Anonymous,"2026-02-03 08:38:28",Unknown,9.0023164,38.7668014,4G,"4G LTE",,-75,-6,,,4,113955,11243,97,,No,,,,
461,Anonymous,"2026-02-03 08:38:18",Unknown,9.0023164,38.7668014,4G,"4G LTE",,-80,-7,,,4,113955,11243,97,,No,,,,
460,Anonymous,"2026-02-03 08:38:10",Unknown,9.0023164,38.7668014,4G,"4G LTE",,-78,-6,,,4,113955,11243,97,,No,,,,
459,Anonymous,"2026-02-03 08:37:52",Unknown,9.0023200,38.7668047,4G,"4G LTE",,-78,-7,,,4,113955,11243,97,,No,,,,
458,Anonymous,"2026-02-03 08:37:40",Unknown,9.0023200,38.7668047,4G,"4G LTE",,-77,-5,,,4,113955,11243,97,,No,,,,
457,Anonymous,"2026-02-03 08:37:39",Unknown,9.0023200,38.7668047,4G,"4G LTE",,-78,-7,,,4,113955,11243,97,,No,,,,
456,Anonymous,"2026-02-03 08:37:20",Unknown,9.0023225,38.7667907,4G,"4G LTE",,-78,-6,,,4,113955,11243,97,,No,,,,
455,Anonymous,"2026-02-03 08:37:13",Unknown,9.0023225,38.7667907,4G,"4G LTE",,-80,-7,,,4,113955,11243,97,,No,,,,
454,Anonymous,"2026-02-03 08:37:00",Unknown,9.0023225,38.7668043,4G,"4G LTE",,-80,-7,,,4,113955,11243,97,,No,,,,
453,Anonymous,"2026-02-03 08:36:50",Unknown,9.0023225,38.7668043,4G,"4G LTE",,-76,-7,,,4,113955,11243,97,,No,,,,
452,Anonymous,"2026-02-03 08:36:43",Unknown,9.0023225,38.7668043,4G,"4G LTE",,-78,-7,,,4,113955,11243,97,,No,,,,
451,Anonymous,"2026-02-03 08:36:40",Unknown,9.0023233,38.7667976,4G,"4G LTE",,-78,-7,,,4,113955,11243,97,,No,,,,
450,Anonymous,"2026-02-03 08:36:20",Unknown,9.0023233,38.7667976,4G,"4G LTE",,-77,-7,,,4,113955,11243,97,,No,,,,
449,Anonymous,"2026-02-03 08:36:12",Unknown,9.0023233,38.7667976,4G,"4G LTE",,-79,-6,,,4,113955,11243,97,,No,,,,
448,Anonymous,"2026-02-03 08:36:10",Unknown,9.0023235,38.7668068,4G,"4G LTE",,-79,-6,,,4,113955,11243,97,,No,,,,
447,Anonymous,"2026-02-03 08:36:00",Unknown,9.0023235,38.7668068,4G,"4G LTE",,-78,-7,,,4,113955,11243,97,,No,,,,
446,Anonymous,"2026-02-03 08:35:43",Unknown,9.0023235,38.7668068,4G,"4G LTE",,-76,-7,,,4,113955,11243,97,,No,,,,
445,Anonymous,"2026-02-03 08:35:40",Unknown,9.0023245,38.7668045,4G,"4G LTE",,-76,-7,,,4,113955,11243,97,,No,,,,
444,Anonymous,"2026-02-03 08:35:30",Unknown,9.0023245,38.7668045,4G,"4G LTE",,-77,-5,,,4,113955,11243,97,,No,,,,
443,Anonymous,"2026-02-03 08:35:19",Unknown,9.0023245,38.7668045,4G,"4G LTE",,-78,-7,,,4,113955,11243,97,,No,,,,
442,Anonymous,"2026-02-03 08:35:13",Unknown,9.0023245,38.7668045,4G,"4G LTE",,-77,-6,,,4,113955,11243,97,,No,,,,
441,Anonymous,"2026-02-03 08:35:02",Unknown,9.0023153,38.7667947,4G,"4G LTE",,-77,-7,,,4,113955,11243,97,,No,,,,
440,Anonymous,"2026-02-03 08:34:47",Unknown,9.0023153,38.7667947,4G,"4G LTE",,-80,-8,,,4,113955,11243,97,,No,,,,
439,Anonymous,"2026-02-03 08:34:37",Unknown,9.0023153,38.7667947,4G,"4G LTE",,-76,-6,,,4,113955,11243,97,,No,,,,
438,Anonymous,"2026-02-03 08:34:33",Unknown,9.0023314,38.7668086,4G,"4G LTE",,-76,-6,,,4,113955,11243,97,,No,,,,
437,Anonymous,"2026-02-03 08:34:23",Unknown,9.0023314,38.7668086,4G,"4G LTE",,-81,-7,,,4,113955,11243,97,,No,,,,
436,Anonymous,"2026-02-03 08:34:07",Unknown,9.0023314,38.7668086,4G,"4G LTE",,-80,-7,,,4,113955,11243,97,,No,,,,
435,Anonymous,"2026-02-03 08:34:03",Unknown,9.0023364,38.7668115,4G,"4G LTE",,-80,-7,,,4,113955,11243,97,,No,,,,
434,Anonymous,"2026-02-03 08:33:43",Unknown,9.0023364,38.7668115,4G,"4G LTE",,-81,-8,,,4,113955,11243,97,,No,,,,
433,Anonymous,"2026-02-03 08:33:37",Unknown,9.0023364,38.7668115,4G,"4G LTE",,-82,-8,,,4,113955,11243,97,,No,,,,
432,Anonymous,"2026-02-03 08:33:23",Unknown,9.0023104,38.7668022,4G,"4G LTE",,-82,-8,,,4,113955,11243,97,,No,,,,
431,Anonymous,"2026-02-03 08:33:13",Unknown,9.0023104,38.7668022,4G,"4G LTE",,-81,-8,,,4,113955,11243,97,,No,,,,
430,Anonymous,"2026-02-03 08:33:07",Unknown,9.0023104,38.7668022,4G,"4G LTE",,-77,-6,,,4,113955,11243,97,,No,,,,
429,Anonymous,"2026-02-03 08:32:53",Unknown,9.0023300,38.7668285,4G,"4G LTE",,-77,-6,,,4,113955,11243,97,,No,,,,
428,Anonymous,"2026-02-03 08:32:37",Unknown,9.0023300,38.7668285,4G,"4G LTE",,-80,-8,,,4,113955,11243,97,,No,,,,
427,Anonymous,"2026-02-03 08:32:33",Unknown,9.0023229,38.7668109,4G,"4G LTE",,-80,-8,,,4,113955,11243,97,,No,,,,
426,Anonymous,"2026-02-03 08:32:13",Unknown,9.0023229,38.7668109,4G,"4G LTE",,-77,-7,,,4,113955,11243,97,,No,,,,
425,Anonymous,"2026-02-03 08:32:07",Unknown,9.0023229,38.7668109,4G,"4G LTE",,-79,-8,,,4,113955,11243,97,,No,,,,
424,Anonymous,"2026-02-03 08:31:53",Unknown,9.0023259,38.7668030,4G,"4G LTE",,-79,-8,,,4,113955,11243,97,,No,,,,
423,Anonymous,"2026-02-03 08:31:41",Unknown,9.0023259,38.7668030,4G,"4G LTE",,-86,-10,,,4,113955,11243,97,,No,,,,
422,Anonymous,"2026-02-03 08:31:37",Unknown,9.0023259,38.7668030,4G,"4G LTE",,-85,-10,,,4,113955,11243,97,,No,,,,
421,Anonymous,"2026-02-03 08:31:27",Unknown,9.0023115,38.7667965,4G,"4G LTE",,-85,-10,,,4,113955,11243,97,,No,,,,
420,Anonymous,"2026-02-03 08:31:17",Unknown,9.0023115,38.7667965,4G,"4G LTE",,-79,-9,,,4,113955,11243,97,,No,,,,
419,Anonymous,"2026-02-03 08:31:10",Unknown,9.0023115,38.7667965,4G,"4G LTE",,-76,-6,,,4,113955,11243,97,,No,,,,
418,Anonymous,"2026-02-03 08:30:57",Unknown,9.0023296,38.7668155,4G,"4G LTE",,-76,-6,,,4,113955,11243,97,,No,,,,
416,Anonymous,"2026-02-03 08:30:39",Unknown,9.0023296,38.7668155,4G,"4G LTE",,-78,-6,,,4,113955,11243,97,,No,,,,
417,Anonymous,"2026-02-03 08:30:39",Unknown,9.0023296,38.7668155,4G,"4G LTE",,-78,-6,,,4,113955,11243,97,,No,,,,
415,Anonymous,"2026-02-03 08:28:44",Unknown,9.0023211,38.7667976,4G,"4G LTE",,-79,-8,,,4,113955,11243,97,,No,,,,
414,Anonymous,"2026-02-03 08:28:39",Unknown,9.0023102,38.7667944,4G,"4G LTE",,-79,-8,,,4,113955,11243,97,,No,,,,
413,Anonymous,"2026-02-03 08:28:29",Unknown,9.0023102,38.7667944,4G,"4G LTE",,-76,-6,,,4,113955,11243,97,,No,,,,
412,Anonymous,"2026-02-03 08:28:14",Unknown,9.0023102,38.7667944,4G,"4G LTE",,-79,-7,,,4,113955,11243,97,,No,,,,
411,Anonymous,"2026-02-03 08:28:09",Unknown,9.0023292,38.7668083,4G,"4G LTE",,-79,-7,,,4,113955,11243,97,,No,,,,
410,Anonymous,"2026-02-03 08:27:56",Unknown,9.0023292,38.7668083,4G,"4G LTE",,-78,-7,,,4,113955,11243,97,,No,,,,
409,Anonymous,"2026-02-03 08:27:52",Unknown,9.0023292,38.7668083,4G,"4G LTE",,-77,-6,,,4,113955,11243,97,,No,,,,
408,Anonymous,"2026-02-03 08:27:49",Unknown,9.0023292,38.7668083,5G,"5G NR (NSA)",,-80,-10,,,2,113295,11243,415,,No,,,,
407,Anonymous,"2026-02-03 08:27:36",Unknown,9.0023603,38.7670606,5G,"5G NR (NSA)",,-80,-10,,,2,113295,11243,415,,No,,,,
406,Anonymous,"2026-02-03 08:27:28",Unknown,9.0023603,38.7670606,5G,"5G NR (NSA)",,-73,-6,,,2,113295,11243,97,,No,,,,
405,Anonymous,"2026-02-03 08:27:24",Unknown,9.0023603,38.7670606,4G,"4G LTE",,-78,-7,,,4,113955,11243,97,,No,,,,
404,Anonymous,"2026-02-03 08:27:23",Unknown,9.0023603,38.7670606,4G,"4G LTE",,-76,-7,,,4,113955,11243,97,,No,,,,
403,Anonymous,"2026-02-03 08:27:10",Unknown,9.0023189,38.7668080,4G,"4G LTE",,-76,-7,,,4,113955,11243,97,,No,,,,
402,Anonymous,"2026-02-03 08:26:56",Unknown,9.0023189,38.7668080,4G,"4G LTE",,-75,-6,,,4,113955,11243,97,,No,,,,
401,Anonymous,"2026-02-03 08:26:49",Unknown,9.0023189,38.7668080,4G,"4G LTE",,-79,-8,,,4,113955,11243,97,,No,,,,
400,Anonymous,"2026-02-03 08:26:14",Unknown,9.0023286,38.7668019,4G,"4G LTE",,-79,-8,,,4,113955,11243,97,,No,,,,
399,Anonymous,"2026-02-03 08:26:02",Unknown,9.0023214,38.7667989,4G,"4G LTE",,-79,-8,,,4,113955,11243,97,,No,,,,
398,Anonymous,"2026-02-03 08:25:51",Unknown,9.0023214,38.7667989,4G,"4G LTE",,-78,-6,,,4,113955,11243,97,,No,,,,
397,Anonymous,"2026-02-03 08:25:50",Unknown,9.0023257,38.7668031,4G,"4G LTE",,-78,-6,,,4,113955,11243,97,,No,,,,
396,Anonymous,"2026-02-03 08:25:46",Unknown,9.0023257,38.7668031,4G,"4G LTE",,-77,-9,,,2,113295,11243,415,,No,,,,
395,Anonymous,"2026-02-03 08:25:30",Unknown,9.0023257,38.7668031,5G,"5G NR (NSA)",,-83,-10,,,2,113295,11243,415,,No,,,,
394,Anonymous,"2026-02-03 08:25:26",Unknown,9.0023257,38.7668031,5G,"5G NR (NSA)",,-78,-7,,,2,113295,11243,97,,No,,,,
393,Anonymous,"2026-02-03 08:25:21",Unknown,9.0023257,38.7668031,4G,"4G LTE",,-78,-6,,,4,113955,11243,97,,No,,,,
392,Anonymous,"2026-02-03 08:25:16",Unknown,9.0023257,38.7668080,4G,"4G LTE",,-78,-6,,,4,113955,11243,97,,No,,,,
391,Anonymous,"2026-02-03 08:24:50",Unknown,9.0023257,38.7668080,5G,"5G NR (NSA)",,-77,-9,,,2,113295,11243,415,,No,,,,
390,Anonymous,"2026-02-03 08:24:46",Unknown,9.0023194,38.7668109,5G,"5G NR (NSA)",,-77,-9,,,2,113295,11243,415,,No,,,,
389,Anonymous,"2026-02-03 08:24:44",Unknown,9.0023194,38.7668109,5G,"5G NR (NSA)",,-81,-8,,,2,113295,11243,415,,No,,,,
388,Anonymous,"2026-02-03 08:24:20",Unknown,9.0023194,38.7668109,4G,"4G LTE",,-79,-8,,,4,113955,11243,97,,No,,,,
387,Anonymous,"2026-02-03 08:24:16",Unknown,9.0023252,38.7668008,4G,"4G LTE",,-79,-8,,,4,113955,11243,97,,No,,,,
386,Anonymous,"2026-02-03 08:24:10",Unknown,9.0023252,38.7668008,4G,"4G LTE",,-80,-8,,,4,113955,11243,97,,No,,,,
385,Anonymous,"2026-02-03 08:23:50",Unknown,9.0023252,38.7668008,5G,"5G NR (NSA)",,-78,-9,,,2,113295,11243,415,,No,,,,
384,Anonymous,"2026-02-03 08:23:46",Unknown,9.0023252,38.7668008,5G,"5G NR (NSA)",,-76,-10,,,2,113295,11243,97,,No,,,,
383,Anonymous,"2026-02-03 08:23:44",Unknown,9.0023252,38.7668008,5G,"5G NR (NSA)",,-77,-10,,,1,113955,11243,97,,No,,,,
382,Anonymous,"2026-02-03 08:23:40",Unknown,9.0023111,38.7667926,5G,"5G NR (NSA)",,-77,-10,,,1,113955,11243,97,,No,,,,
381,Anonymous,"2026-02-03 08:23:30",Unknown,9.0023111,38.7667926,5G,"5G NR (NSA)",,-76,-10,,,1,113955,11243,97,,No,,,,
380,Anonymous,"2026-02-03 08:23:26",Unknown,9.0023111,38.7667926,5G,"5G NR (NSA)",,-79,-10,,,1,113955,11243,415,,No,,,,
379,Anonymous,"2026-02-03 08:23:24",Unknown,9.0023111,38.7667926,5G,"5G NR (NSA)",,-78,-11,,,2,113295,11243,97,,No,,,,
378,Anonymous,"2026-02-03 08:23:20",Unknown,9.0023111,38.7667926,5G,"5G NR (NSA)",,-77,-10,,,1,113955,11243,97,,No,,,,
377,Anonymous,"2026-02-03 08:23:14",Unknown,9.0023111,38.7667926,5G,"5G NR (NSA)",,-79,-11,,,1,113955,11243,97,,No,,,,
376,Anonymous,"2026-02-03 08:23:10",Unknown,9.0023266,38.7668127,5G,"5G NR (NSA)",,-79,-11,,,1,113955,11243,97,,No,,,,
375,Anonymous,"2026-02-03 08:23:00",Unknown,9.0023266,38.7668127,5G,"5G NR (NSA)",,-80,-10,,,1,113955,11243,97,,No,,,,
374,Anonymous,"2026-02-03 08:22:44",Unknown,9.0023266,38.7668127,5G,"5G NR (NSA)",,-79,-10,,,1,113955,11243,97,,No,,,,
373,Anonymous,"2026-02-03 08:22:42",Unknown,9.0023360,38.7667466,5G,"5G NR (NSA)",,-79,-10,,,1,113955,11243,97,,No,,,,
372,Anonymous,"2026-02-03 08:22:30",Unknown,9.0023360,38.7667466,5G,"5G NR (NSA)",,-82,-11,,,1,113955,11243,415,,No,,,,
371,Anonymous,"2026-02-03 08:22:28",Unknown,9.0023360,38.7667466,5G,"5G NR (NSA)",,-75,-9,,,2,113295,11243,97,,No,,,,
370,Anonymous,"2026-02-03 08:22:19",Unknown,9.0023360,38.7667466,4G,"4G LTE",,-79,-8,,,4,113955,11243,97,,No,,,,
369,Anonymous,"2026-02-03 08:22:15",Unknown,9.0023176,38.7668017,4G,"4G LTE",,-79,-8,,,4,113955,11243,97,,No,,,,
368,Anonymous,"2026-02-03 08:21:13",Unknown,9.0023176,38.7668017,4G,"4G LTE",,-78,-9,,,4,113955,11243,97,,No,,,,
367,Anonymous,"2026-02-03 08:20:49",Unknown,9.0023326,38.7668102,4G,"4G LTE",,-78,-9,,,4,113955,11243,97,,No,,,,
366,Anonymous,"2026-02-03 08:20:42",Unknown,9.0023326,38.7668102,4G,"4G LTE",,-79,-9,,,4,113955,11243,97,,No,,,,
365,Anonymous,"2026-02-03 08:20:33",Unknown,9.0023080,38.7667944,4G,"4G LTE",,-79,-9,,,4,113955,11243,97,,No,,,,
364,Anonymous,"2026-02-03 08:20:17",Unknown,9.0023080,38.7667944,4G,"4G LTE",,-78,-9,,,4,113955,11243,97,,No,,,,
363,Anonymous,"2026-02-03 08:20:10",Unknown,9.0023080,38.7667944,4G,"4G LTE",,-77,-9,,,4,113955,11243,97,,No,,,,
362,Anonymous,"2026-02-03 08:20:07",Unknown,9.0023185,38.7668048,4G,"4G LTE",,-77,-9,,,4,113955,11243,97,,No,,,,
361,Anonymous,"2026-02-03 08:19:47",Unknown,9.0023185,38.7668048,4G,"4G LTE",,-78,-9,,,4,113955,11243,97,,No,,,,
360,Anonymous,"2026-02-03 08:19:40",Unknown,9.0023185,38.7668048,4G,"4G LTE",,-77,-8,,,4,113955,11243,97,,No,,,,
359,Anonymous,"2026-02-03 08:19:37",Unknown,9.0023197,38.7668106,4G,"4G LTE",,-77,-8,,,4,113955,11243,97,,No,,,,
358,Anonymous,"2026-02-03 08:19:21",Unknown,9.0023197,38.7668106,4G,"4G LTE",,-75,-8,,,4,113955,11243,97,,No,,,,
357,Anonymous,"2026-02-03 08:19:14",Unknown,9.0023197,38.7668106,4G,"4G LTE",,-87,-10,,,4,113955,11243,97,,No,,,,
356,Anonymous,"2026-02-03 08:18:47",Unknown,9.0023220,38.7668001,4G,"4G LTE",,-79,-7,,,4,113955,11243,97,,No,,,,
355,Anonymous,"2026-02-03 08:18:40",Unknown,9.0023220,38.7668001,4G,"4G LTE",,-80,-8,,,4,113955,11243,97,,No,,,,
354,Anonymous,"2026-02-03 08:18:37",Unknown,9.0023266,38.7668092,4G,"4G LTE",,-80,-8,,,4,113955,11243,97,,No,,,,
353,Anonymous,"2026-02-03 08:18:17",Unknown,9.0023266,38.7668092,4G,"4G LTE",,-81,-8,,,4,113955,11243,97,,No,,,,
352,Anonymous,"2026-02-03 08:18:10",Unknown,9.0023266,38.7668092,4G,"4G LTE",,-80,-8,,,4,113955,11243,97,,No,,,,
351,Anonymous,"2026-02-03 08:18:07",Unknown,9.0023069,38.7667884,4G,"4G LTE",,-80,-8,,,4,113955,11243,97,,No,,,,
350,Anonymous,"2026-02-03 08:17:55",Unknown,9.0023069,38.7667884,4G,"4G LTE",,-79,-7,,,4,113955,11243,97,,No,,,,
349,Anonymous,"2026-02-03 08:17:45",Unknown,9.0023069,38.7667884,4G,"4G LTE",,-77,-8,,,4,113955,11243,97,,No,,,,
348,Anonymous,"2026-02-03 08:17:36",Unknown,9.0023069,38.7667884,4G,"4G LTE",,-79,-9,,,4,113955,11243,97,,No,,,,
347,Anonymous,"2026-02-03 08:17:23",Unknown,9.0023141,38.7667969,4G,"4G LTE",,-79,-8,,,4,113955,11243,97,,No,,,,
346,Anonymous,"2026-02-03 08:17:13",Unknown,9.0023141,38.7667969,4G,"4G LTE",,-78,-9,,,4,113955,11243,97,,No,,,,
345,Anonymous,"2026-02-03 08:17:06",Unknown,9.0023141,38.7667969,4G,"4G LTE",,-79,-9,,,4,113955,11243,97,,No,,,,
344,Anonymous,"2026-02-03 08:16:53",Unknown,9.0023155,38.7667958,4G,"4G LTE",,-79,-9,,,4,113955,11243,97,,No,,,,
343,Anonymous,"2026-02-03 08:16:43",Unknown,9.0023155,38.7667958,4G,"4G LTE",,-81,-7,,,4,113955,11243,97,,No,,,,
342,Anonymous,"2026-02-03 08:16:36",Unknown,9.0023155,38.7667958,4G,"4G LTE",,-80,-7,,,4,113955,11243,97,,No,,,,
341,Anonymous,"2026-02-03 08:16:16",Unknown,9.0023282,38.7668014,4G,"4G LTE",,-80,-9,,,4,113955,11243,97,,No,,,,
340,Anonymous,"2026-02-03 08:16:09",Unknown,9.0023282,38.7668014,4G,"4G LTE",,-81,-8,,,4,113955,11243,97,,No,,,,
339,Anonymous,"2026-02-03 08:16:06",Unknown,9.0023213,38.7668028,4G,"4G LTE",,-81,-8,,,4,113955,11243,97,,No,,,,
338,Anonymous,"2026-02-03 08:15:56",Unknown,9.0023213,38.7668028,4G,"4G LTE",,-80,-8,,,4,113955,11243,97,,No,,,,
337,Anonymous,"2026-02-03 08:15:46",Unknown,9.0023213,38.7668028,4G,"4G LTE",,-81,-7,,,4,113955,11243,97,,No,,,,
336,Anonymous,"2026-02-03 08:15:39",Unknown,9.0023213,38.7668028,4G,"4G LTE",,-80,-8,,,4,113955,11243,97,,No,,,,
335,Anonymous,"2026-02-03 08:15:36",Unknown,9.0023243,38.7668099,4G,"4G LTE",,-80,-8,,,4,113955,11243,97,,No,,,,
334,Anonymous,"2026-02-03 08:15:26",Unknown,9.0023243,38.7668099,4G,"4G LTE",,-77,-7,,,4,113955,11243,97,,No,,,,
333,Anonymous,"2026-02-03 08:15:09",Unknown,9.0023243,38.7668099,4G,"4G LTE",,-81,-9,,,4,113955,11243,97,,No,,,,
332,Anonymous,"2026-02-03 08:14:46",Unknown,9.0023183,38.7667997,4G,"4G LTE",,-81,-6,,,4,113955,11243,97,,No,,,,
331,Anonymous,"2026-02-03 08:14:39",Unknown,9.0023183,38.7667997,4G,"4G LTE",,-80,-8,,,4,113955,11243,97,,No,,,,
330,Anonymous,"2026-02-03 08:14:36",Unknown,9.0023157,38.7668000,4G,"4G LTE",,-80,-8,,,4,113955,11243,97,,No,,,,
329,Anonymous,"2026-02-03 08:14:26",Unknown,9.0023157,38.7668000,4G,"4G LTE",,-79,-8,,,4,113955,11243,97,,No,,,,
328,Anonymous,"2026-02-03 08:14:08",Unknown,9.0023157,38.7668000,4G,"4G LTE",,-78,-8,,,4,113955,11243,97,,No,,,,
327,Anonymous,"2026-02-03 08:14:04",Unknown,9.0023251,38.7667969,4G,"4G LTE",,-78,-8,,,4,113955,11243,97,,No,,,,
326,Anonymous,"2026-02-03 08:13:56",Unknown,9.0023251,38.7667969,4G,"4G LTE",,-82,-8,,,4,113955,11243,97,,No,,,,
325,Anonymous,"2026-02-03 08:13:46",Unknown,9.0023251,38.7667969,4G,"4G LTE",,-78,-7,,,4,113955,11243,97,,No,,,,
324,Anonymous,"2026-02-03 08:13:39",Unknown,9.0023251,38.7667969,4G,"4G LTE",,-75,-6,,,4,113955,11243,97,,No,,,,
323,Anonymous,"2026-02-03 08:13:36",Unknown,9.0023124,38.7667986,4G,"4G LTE",,-75,-6,,,4,113955,11243,97,,No,,,,
322,Anonymous,"2026-02-03 08:13:26",Unknown,9.0023124,38.7667986,4G,"4G LTE",,-76,-7,,,4,113955,11243,97,,No,,,,
321,Anonymous,"2026-02-03 08:13:10",Unknown,9.0023124,38.7667986,4G,"4G LTE",,-81,-9,,,4,113955,11243,97,,No,,,,
320,Anonymous,"2026-02-03 08:13:09",Unknown,9.0023124,38.7667986,4G,"4G LTE",,-80,-8,,,4,113955,11243,97,,No,,,,
319,Anonymous,"2026-02-03 08:12:56",Unknown,9.0023146,38.7667932,4G,"4G LTE",,-80,-8,,,4,113955,11243,97,,No,,,,
318,Anonymous,"2026-02-03 08:12:39",Unknown,9.0023146,38.7667932,4G,"4G LTE",,-79,-7,,,4,113955,11243,97,,No,,,,
317,Anonymous,"2026-02-03 08:12:36",Unknown,9.0023103,38.7667954,4G,"4G LTE",,-79,-7,,,4,113955,11243,97,,No,,,,
316,Anonymous,"2026-02-03 08:12:16",Unknown,9.0023103,38.7667954,4G,"4G LTE",,-81,-9,,,4,113955,11243,97,,No,,,,
315,Anonymous,"2026-02-03 08:12:08",Unknown,9.0023103,38.7667954,4G,"4G LTE",,-80,-8,,,4,113955,11243,97,,No,,,,
314,Anonymous,"2026-02-03 08:12:06",Unknown,9.0023201,38.7668104,4G,"4G LTE",,-80,-8,,,4,113955,11243,97,,No,,,,
313,Anonymous,"2026-02-03 08:11:46",Unknown,9.0023201,38.7668104,4G,"4G LTE",,-81,-7,,,4,113955,11243,97,,No,,,,
312,Anonymous,"2026-02-03 08:11:38",Unknown,9.0023201,38.7668104,4G,"4G LTE",,-78,-5,,,4,113955,11243,97,,No,,,,
311,Anonymous,"2026-02-03 08:11:36",Unknown,9.0023289,38.7668100,4G,"4G LTE",,-78,-5,,,4,113955,11243,97,,No,,,,
310,Anonymous,"2026-02-03 08:11:26",Unknown,9.0023289,38.7668100,4G,"4G LTE",,-80,-8,,,4,113955,11243,97,,No,,,,
308,Anonymous,"2026-02-03 08:11:08",Unknown,9.0023306,38.7668099,4G,"4G LTE",,-79,-8,,,4,113955,11243,97,,No,,,,
309,Anonymous,"2026-02-03 08:11:08",Unknown,9.0023289,38.7668100,4G,"4G LTE",,-79,-8,,,4,113955,11243,97,,No,,,,
307,Anonymous,"2026-02-03 08:08:31",Unknown,9.0023306,38.7668099,4G,"4G LTE",,-77,-7,,,4,113955,11243,97,,No,,,,
306,Anonymous,"2026-02-03 08:08:08",Unknown,9.0023202,38.7667993,4G,"4G LTE",,-77,-6,,,4,113955,11243,97,,No,,,,
305,Anonymous,"2026-02-03 08:08:00",Unknown,9.0023202,38.7667993,4G,"4G LTE",,-78,-6,,,4,113955,11243,97,,No,,,,
304,Anonymous,"2026-02-03 08:07:38",Unknown,9.0023202,38.7668112,4G,"4G LTE",,-78,-6,,,4,113955,11243,97,,No,,,,
303,Anonymous,"2026-02-03 08:07:31",Unknown,9.0023202,38.7668112,4G,"4G LTE",,-77,-7,,,4,113955,11243,97,,No,,,,
302,Anonymous,"2026-02-03 08:07:18",Unknown,9.0023235,38.7668032,4G,"4G LTE",,-77,-7,,,4,113955,11243,97,,No,,,,
301,Anonymous,"2026-02-03 08:07:01",Unknown,9.0023235,38.7668032,4G,"4G LTE",,-78,-8,,,4,113955,11243,97,,No,,,,
300,Anonymous,"2026-02-03 08:06:58",Unknown,9.0023248,38.7668066,4G,"4G LTE",,-78,-8,,,4,113955,11243,97,,No,,,,
299,Anonymous,"2026-02-03 08:06:38",Unknown,9.0023248,38.7668066,4G,"4G LTE",,-79,-8,,,4,113955,11243,97,,No,,,,
298,Anonymous,"2026-02-03 08:06:31",Unknown,9.0023248,38.7668066,4G,"4G LTE",,-77,-7,,,4,113955,11243,97,,No,,,,
297,Anonymous,"2026-02-03 08:06:28",Unknown,9.0023339,38.7668091,4G,"4G LTE",,-77,-7,,,4,113955,11243,97,,No,,,,
296,Anonymous,"2026-02-03 08:06:00",Unknown,9.0023339,38.7668091,4G,"4G LTE",,-78,-6,,,4,113955,11243,97,,No,,,,
295,Anonymous,"2026-02-03 08:05:58",Unknown,9.0023213,38.7668006,4G,"4G LTE",,-78,-6,,,4,113955,11243,97,,No,,,,
294,Anonymous,"2026-02-03 08:05:30",Unknown,9.0023213,38.7668006,4G,"4G LTE",,-77,-7,,,4,113955,11243,97,,No,,,,
293,Anonymous,"2026-02-03 08:05:28",Unknown,9.0023245,38.7668052,4G,"4G LTE",,-77,-7,,,4,113955,11243,97,,No,,,,
292,Anonymous,"2026-02-03 08:05:08",Unknown,9.0023245,38.7668052,4G,"4G LTE",,-76,-7,,,4,113955,11243,97,,No,,,,
291,Anonymous,"2026-02-03 08:05:00",Unknown,9.0023245,38.7668052,4G,"4G LTE",,-77,-6,,,4,113955,11243,97,,No,,,,
290,Anonymous,"2026-02-03 08:04:58",Unknown,9.0023181,38.7668140,4G,"4G LTE",,-77,-6,,,4,113955,11243,97,,No,,,,
289,Anonymous,"2026-02-03 08:04:48",Unknown,9.0023181,38.7668140,4G,"4G LTE",,-76,-7,,,4,113955,11243,97,,No,,,,
288,Anonymous,"2026-02-03 08:04:29",Unknown,9.0023181,38.7668140,4G,"4G LTE",,-77,-8,,,4,113955,11243,97,,No,,,,
287,Anonymous,"2026-02-03 08:04:28",Unknown,9.0023206,38.7668058,4G,"4G LTE",,-77,-8,,,4,113955,11243,97,,No,,,,
286,Anonymous,"2026-02-03 08:04:18",Unknown,9.0023206,38.7668058,4G,"4G LTE",,-78,-6,,,4,113955,11243,97,,No,,,,
285,Anonymous,"2026-02-03 08:04:02",Unknown,9.0023206,38.7668058,4G,"4G LTE",,-79,-6,,,4,113955,11243,97,,No,,,,
284,Anonymous,"2026-02-03 08:04:00",Unknown,9.0023206,38.7668058,4G,"4G LTE",,-74,-6,,,4,113955,11243,97,,No,,,,
283,Anonymous,"2026-02-03 08:03:48",Unknown,9.0023172,38.7668029,4G,"4G LTE",,-74,-6,,,4,113955,11243,97,,No,,,,
282,Anonymous,"2026-02-03 08:03:38",Unknown,9.0023172,38.7668029,4G,"4G LTE",,-80,-7,,,4,113955,11243,97,,No,,,,
281,Anonymous,"2026-02-03 08:03:30",Unknown,9.0023172,38.7668029,4G,"4G LTE",,-74,-8,,,4,113955,11243,97,,No,,,,
280,Anonymous,"2026-02-03 08:03:28",Unknown,9.0023189,38.7668006,4G,"4G LTE",,-74,-8,,,4,113955,11243,97,,No,,,,
279,Anonymous,"2026-02-03 08:03:08",Unknown,9.0023189,38.7668006,4G,"4G LTE",,-77,-7,,,4,113955,11243,97,,No,,,,
278,Anonymous,"2026-02-03 08:03:00",Unknown,9.0023189,38.7668006,4G,"4G LTE",,-78,-9,,,4,113955,11243,97,,No,,,,
277,Anonymous,"2026-02-03 08:02:30",Unknown,9.0023201,38.7668003,4G,"4G LTE",,-78,-8,,,4,113955,11243,97,,No,,,,
276,Anonymous,"2026-02-03 08:02:07",Unknown,9.0023269,38.7668001,4G,"4G LTE",,-78,-8,,,4,113955,11243,97,,No,,,,
275,Anonymous,"2026-02-03 08:01:59",Unknown,9.0023269,38.7668001,4G,"4G LTE",,-77,-8,,,4,113955,11243,97,,No,,,,
274,Anonymous,"2026-02-03 08:01:47",Unknown,9.0023155,38.7667534,4G,"4G LTE",,-77,-8,,,4,113955,11243,97,,No,,,,
273,Anonymous,"2026-02-03 08:01:40",Unknown,9.0023155,38.7667534,4G,"4G LTE",,-78,-8,,,4,113955,11243,97,,No,,,,
272,Anonymous,"2026-02-03 08:01:34",Unknown,9.0023155,38.7667534,4G,"4G LTE",,-77,-8,,,4,113955,11243,97,,No,,,,
271,Anonymous,"2026-02-03 08:01:22",Unknown,9.0023309,38.7668055,4G,"4G LTE",,-77,-8,,,4,113955,11243,97,,No,,,,
270,Anonymous,"2026-02-03 08:01:13",Unknown,9.0023309,38.7668055,4G,"4G LTE",,-78,-9,,,4,113955,11243,97,,No,,,,
269,Anonymous,"2026-02-03 08:01:00",Unknown,9.0023309,38.7668055,4G,"4G LTE",,-76,-8,,,4,113955,11243,97,,No,,,,
268,Anonymous,"2026-02-03 08:00:55",Unknown,9.0023299,38.7668161,4G,"4G LTE",,-76,-8,,,4,113955,11243,97,,No,,,,
267,Anonymous,"2026-02-03 08:00:47",Unknown,9.0023299,38.7668161,4G,"4G LTE",,-78,-7,,,4,113955,11243,97,,No,,,,
266,Anonymous,"2026-02-03 08:00:37",Unknown,9.0023299,38.7668161,4G,"4G LTE",,-75,-7,,,4,113955,11243,97,,No,,,,
265,Anonymous,"2026-02-03 08:00:30",Unknown,9.0023299,38.7668161,4G,"4G LTE",,-70,-7,,,4,113955,11243,97,,No,,,,
264,Anonymous,"2026-02-03 08:00:17",Unknown,9.0023221,38.7668101,4G,"4G LTE",,-70,-7,,,4,113955,11243,97,,No,,,,
263,Anonymous,"2026-02-03 08:00:07",Unknown,9.0023221,38.7668101,4G,"4G LTE",,-76,-8,,,4,113955,11243,97,,No,,,,
262,Anonymous,"2026-02-03 07:59:59",Unknown,9.0023221,38.7668101,4G,"4G LTE",,-78,-8,,,4,113955,11243,97,,No,,,,
261,Anonymous,"2026-02-03 07:59:47",Unknown,9.0023243,38.7668055,4G,"4G LTE",,-78,-8,,,4,113955,11243,97,,No,,,,
260,Anonymous,"2026-02-03 07:59:29",Unknown,9.0023243,38.7668055,4G,"4G LTE",,-79,-7,,,4,113955,11243,97,,No,,,,
259,Anonymous,"2026-02-03 07:59:17",Unknown,9.0023308,38.7668101,4G,"4G LTE",,-79,-7,,,4,113955,11243,97,,No,,,,
258,Anonymous,"2026-02-03 07:59:00",Unknown,9.0023308,38.7668101,4G,"4G LTE",,-77,-8,,,4,113955,11243,97,,No,,,,
257,Anonymous,"2026-02-03 07:58:57",Unknown,9.0023170,38.7668020,4G,"4G LTE",,-77,-8,,,4,113955,11243,97,,No,,,,
256,Anonymous,"2026-02-03 07:58:47",Unknown,9.0023170,38.7668020,4G,"4G LTE",,-78,-9,,,4,113955,11243,97,,No,,,,
255,Anonymous,"2026-02-03 07:58:37",Unknown,9.0023170,38.7668020,4G,"4G LTE",,-79,-9,,,4,113955,11243,97,,No,,,,
254,Anonymous,"2026-02-03 07:58:30",Unknown,9.0023170,38.7668020,4G,"4G LTE",,-78,-8,,,4,113955,11243,97,,No,,,,
253,Anonymous,"2026-02-03 07:58:27",Unknown,9.0023289,38.7668093,4G,"4G LTE",,-78,-8,,,4,113955,11243,97,,No,,,,
252,Anonymous,"2026-02-03 07:58:17",Unknown,9.0023289,38.7668093,4G,"4G LTE",,-80,-10,,,4,113955,11243,97,,No,,,,
251,Anonymous,"2026-02-03 07:57:59",Unknown,9.0023289,38.7668093,4G,"4G LTE",,-77,-8,,,4,113955,11243,97,,No,,,,
250,Anonymous,"2026-02-03 07:57:57",Unknown,9.0023189,38.7667990,4G,"4G LTE",,-77,-8,,,4,113955,11243,97,,No,,,,
249,Anonymous,"2026-02-03 07:57:37",Unknown,9.0023189,38.7667990,4G,"4G LTE",,-78,-9,,,4,113955,11243,97,,No,,,,
248,Anonymous,"2026-02-03 07:57:29",Unknown,9.0023189,38.7667990,4G,"4G LTE",,-77,-7,,,4,113955,11243,97,,No,,,,
247,Anonymous,"2026-02-03 07:57:17",Unknown,9.0023259,38.7668106,4G,"4G LTE",,-77,-7,,,4,113955,11243,97,,No,,,,
246,Anonymous,"2026-02-03 07:57:07",Unknown,9.0023259,38.7668106,4G,"4G LTE",,-76,-7,,,4,113955,11243,97,,No,,,,
245,Anonymous,"2026-02-03 07:56:59",Unknown,9.0023259,38.7668106,4G,"4G LTE",,-80,-8,,,4,113955,11243,97,,No,,,,
244,Anonymous,"2026-02-03 07:56:57",Unknown,9.0023198,38.7668030,4G,"4G LTE",,-80,-8,,,4,113955,11243,97,,No,,,,
243,Anonymous,"2026-02-03 07:56:47",Unknown,9.0023198,38.7668030,4G,"4G LTE",,-74,-7,,,4,113955,11243,97,,No,,,,
242,Anonymous,"2026-02-03 07:56:29",Unknown,9.0023198,38.7668030,4G,"4G LTE",,-76,-6,,,4,113955,11243,97,,No,,,,
241,Anonymous,"2026-02-03 07:56:27",Unknown,9.0023071,38.7667937,4G,"4G LTE",,-76,-6,,,4,113955,11243,97,,No,,,,
240,Anonymous,"2026-02-03 07:56:17",Unknown,9.0023071,38.7667937,4G,"4G LTE",,-79,-8,,,4,113955,11243,97,,No,,,,
239,Anonymous,"2026-02-03 07:56:06",Unknown,9.0023071,38.7667937,4G,"4G LTE",,-80,-8,,,4,113955,11243,97,,No,,,,
238,Anonymous,"2026-02-03 07:55:59",Unknown,9.0023071,38.7667937,4G,"4G LTE",,-78,-6,,,4,113955,11243,97,,No,,,,
237,Anonymous,"2026-02-03 07:55:46",Unknown,9.0023176,38.7668026,4G,"4G LTE",,-78,-7,,,4,113955,11243,97,,No,,,,
236,Anonymous,"2026-02-03 07:55:36",Unknown,9.0023176,38.7668026,4G,"4G LTE",,-79,-7,,,4,113955,11243,97,,No,,,,
235,Anonymous,"2026-02-03 07:55:29",Unknown,9.0023176,38.7668026,4G,"4G LTE",,-76,-7,,,4,113955,11243,97,,No,,,,
234,Anonymous,"2026-02-03 07:55:26",Unknown,9.0023154,38.7667994,4G,"4G LTE",,-76,-7,,,4,113955,11243,97,,No,,,,
233,Anonymous,"2026-02-03 07:55:06",Unknown,9.0023154,38.7667994,4G,"4G LTE",,-74,-7,,,4,113955,11243,97,,No,,,,
232,Anonymous,"2026-02-03 07:54:58",Unknown,9.0023154,38.7667994,4G,"4G LTE",,-77,-7,,,4,113955,11243,97,,No,,,,
231,Anonymous,"2026-02-03 07:54:46",Unknown,9.0023261,38.7668050,4G,"4G LTE",,-77,-7,,,4,113955,11243,97,,No,,,,
230,Anonymous,"2026-02-03 07:54:33",Unknown,9.0023261,38.7668050,4G,"4G LTE",,-78,-7,,,4,113955,11243,97,,No,,,,
229,Anonymous,"2026-02-03 07:54:20",Unknown,9.0023139,38.7667946,4G,"4G LTE",,-78,-7,,,4,113955,11243,97,,No,,,,
228,Anonymous,"2026-02-03 07:54:10",Unknown,9.0023139,38.7667946,4G,"4G LTE",,-77,-7,,,4,113955,11243,97,,No,,,,
227,Anonymous,"2026-02-03 07:54:02",Unknown,9.0023139,38.7667946,4G,"4G LTE",,-78,-6,,,4,113955,11243,97,,No,,,,
226,Anonymous,"2026-02-03 07:54:00",Unknown,9.0023200,38.7668060,4G,"4G LTE",,-78,-6,,,4,113955,11243,97,,No,,,,
225,Anonymous,"2026-02-03 07:53:50",Unknown,9.0023200,38.7668060,4G,"4G LTE",,-79,-8,,,4,113955,11243,97,,No,,,,
224,Anonymous,"2026-02-03 07:53:33",Unknown,9.0023200,38.7668060,4G,"4G LTE",,-78,-7,,,4,113955,11243,97,,No,,,,
223,Anonymous,"2026-02-03 07:53:30",Unknown,9.0023180,38.7668029,4G,"4G LTE",,-78,-7,,,4,113955,11243,97,,No,,,,
222,Anonymous,"2026-02-03 07:53:20",Unknown,9.0023180,38.7668029,4G,"4G LTE",,-76,-7,,,4,113955,11243,97,,No,,,,
221,Anonymous,"2026-02-03 07:53:10",Unknown,9.0023180,38.7668029,4G,"4G LTE",,-77,-6,,,4,113955,11243,97,,No,,,,
220,Anonymous,"2026-02-03 07:53:02",Unknown,9.0023180,38.7668029,4G,"4G LTE",,-74,-8,,,4,113955,11243,97,,No,,,,
219,Anonymous,"2026-02-03 07:52:56",Unknown,9.0023196,38.7668021,4G,"4G LTE",,-74,-8,,,4,113955,11243,97,,No,,,,
218,Anonymous,"2026-02-03 07:52:40",Unknown,9.0023196,38.7668021,5G,"5G NR (NSA)",,-85,-10,,,2,113295,11243,415,,No,,,,
217,Anonymous,"2026-02-03 07:52:34",Unknown,9.0023196,38.7668021,5G,"5G NR (NSA)",,-83,-14,,,2,113295,11243,97,,No,,,,
216,Anonymous,"2026-02-03 07:52:32",Unknown,9.0023196,38.7668021,5G,"5G NR (NSA)",,-80,-10,,,1,113955,11243,415,,No,,,,
215,Anonymous,"2026-02-03 07:52:30",Unknown,9.0023223,38.7668056,5G,"5G NR (NSA)",,-80,-11,,,2,113295,11243,415,,No,,,,
214,Anonymous,"2026-02-03 07:52:28",Unknown,9.0023223,38.7668056,5G,"5G NR (NSA)",,-75,-8,,,2,113295,11243,415,,No,,,,
213,Anonymous,"2026-02-03 07:52:20",Unknown,9.0023223,38.7668056,4G,"4G LTE",,-76,-7,,,4,113955,11243,97,,No,,,,
212,Anonymous,"2026-02-03 07:52:02",Unknown,9.0023223,38.7668056,4G,"4G LTE",,-79,-6,,,4,113955,11243,97,,No,,,,
211,Anonymous,"2026-02-03 07:52:00",Unknown,9.0023303,38.7668061,4G,"4G LTE",,-79,-6,,,4,113955,11243,97,,No,,,,
210,Anonymous,"2026-02-03 07:51:50",Unknown,9.0023303,38.7668061,4G,"4G LTE",,-80,-7,,,4,113955,11243,97,,No,,,,
209,Anonymous,"2026-02-03 07:51:32",Unknown,9.0023303,38.7668061,4G,"4G LTE",,-78,-6,,,4,113955,11243,97,,No,,,,
208,Anonymous,"2026-02-03 07:51:30",Unknown,9.0023231,38.7668060,4G,"4G LTE",,-78,-6,,,4,113955,11243,97,,No,,,,
207,Anonymous,"2026-02-03 07:51:14",Unknown,9.0023231,38.7668060,4G,"4G LTE",,-80,-6,,,4,113955,11243,97,,No,,,,
206,Anonymous,"2026-02-03 07:51:04",Unknown,9.0023231,38.7668060,4G,"4G LTE",,-75,-6,,,4,113955,11243,97,,No,,,,
205,Anonymous,"2026-02-03 07:50:57",Unknown,9.0023231,38.7668060,4G,"4G LTE",,-78,-7,,,4,113955,11243,97,,No,,,,
204,Anonymous,"2026-02-03 07:50:44",Unknown,9.0023165,38.7668013,4G,"4G LTE",,-78,-7,,,4,113955,11243,97,,No,,,,
203,Anonymous,"2026-02-03 07:50:34",Unknown,9.0023165,38.7668013,4G,"4G LTE",,-74,-5,,,4,113955,11243,97,,No,,,,
202,Anonymous,"2026-02-03 07:50:27",Unknown,9.0023165,38.7668013,4G,"4G LTE",,-77,-5,,,4,113955,11243,97,,No,,,,
201,Anonymous,"2026-02-03 07:50:24",Unknown,9.0023177,38.7667947,4G,"4G LTE",,-77,-5,,,4,113955,11243,97,,No,,,,
200,Anonymous,"2026-02-03 07:50:04",Unknown,9.0023177,38.7667947,4G,"4G LTE",,-74,-6,,,4,113955,11243,97,,No,,,,
199,Anonymous,"2026-02-03 07:49:57",Unknown,9.0023177,38.7667947,4G,"4G LTE",,-78,-7,,,4,113955,11243,97,,No,,,,
198,Anonymous,"2026-02-03 07:49:54",Unknown,9.0023273,38.7668074,4G,"4G LTE",,-78,-7,,,4,113955,11243,97,,No,,,,
197,Anonymous,"2026-02-03 07:49:36",Unknown,9.0023273,38.7668074,4G,"4G LTE",,-77,-7,,,4,113955,11243,97,,No,,,,
196,Anonymous,"2026-02-03 07:49:27",Unknown,9.0023273,38.7668074,4G,"4G LTE",,-74,-8,,,4,113955,11243,97,,No,,,,
195,Anonymous,"2026-02-03 07:49:24",Unknown,9.0023175,38.7668030,4G,"4G LTE",,-74,-8,,,4,113955,11243,97,,No,,,,
194,Anonymous,"2026-02-03 07:49:14",Unknown,9.0023175,38.7668030,4G,"4G LTE",,-73,-7,,,4,113955,11243,97,,No,,,,
193,Anonymous,"2026-02-03 07:48:57",Unknown,9.0023175,38.7668030,4G,"4G LTE",,-77,-7,,,4,113955,11243,97,,No,,,,
192,Anonymous,"2026-02-03 07:48:54",Unknown,9.0023266,38.7668111,4G,"4G LTE",,-77,-7,,,4,113955,11243,97,,No,,,,
191,Anonymous,"2026-02-03 07:48:36",Unknown,9.0023266,38.7668111,4G,"4G LTE",,-76,-6,,,4,113955,11243,97,,No,,,,
190,Anonymous,"2026-02-03 07:48:27",Unknown,9.0023266,38.7668111,4G,"4G LTE",,-75,-6,,,4,113955,11243,97,,No,,,,
189,Anonymous,"2026-02-03 07:48:22",Unknown,9.0023172,38.7667979,4G,"4G LTE",,-75,-6,,,4,113955,11243,97,,No,,,,
188,Anonymous,"2026-02-03 07:48:14",Unknown,9.0023172,38.7667979,4G,"4G LTE",,-78,-7,,,4,113955,11243,97,,No,,,,
187,Anonymous,"2026-02-03 07:48:04",Unknown,9.0023172,38.7667979,4G,"4G LTE",,-71,-7,,,4,113955,11243,97,,No,,,,
186,Anonymous,"2026-02-03 07:47:57",Unknown,9.0023172,38.7667979,4G,"4G LTE",,-79,-6,,,4,113955,11243,97,,No,,,,
185,Anonymous,"2026-02-03 07:47:54",Unknown,9.0023145,38.7667954,4G,"4G LTE",,-79,-6,,,4,113955,11243,97,,No,,,,
184,Anonymous,"2026-02-03 07:47:44",Unknown,9.0023145,38.7667954,4G,"4G LTE",,-80,-7,,,4,113955,11243,97,,No,,,,
183,Anonymous,"2026-02-03 07:47:27",Unknown,9.0023145,38.7667954,4G,"4G LTE",,-76,-5,,,4,113955,11243,97,,No,,,,
182,Anonymous,"2026-02-03 07:47:03",Unknown,9.0023221,38.7668049,4G,"4G LTE",,-76,-6,,,4,113955,11243,97,,No,,,,
181,Anonymous,"2026-02-03 07:46:57",Unknown,9.0023221,38.7668049,4G,"4G LTE",,-77,-5,,,4,113955,11243,97,,No,,,,
180,Anonymous,"2026-02-03 07:46:53",Unknown,9.0023184,38.7667965,4G,"4G LTE",,-77,-5,,,4,113955,11243,97,,No,,,,
179,Anonymous,"2026-02-03 07:46:43",Unknown,9.0023184,38.7667965,4G,"4G LTE",,-76,-6,,,4,113955,11243,97,,No,,,,
178,Anonymous,"2026-02-03 07:46:33",Unknown,9.0023184,38.7667965,4G,"4G LTE",,-73,-7,,,4,113955,11243,97,,No,,,,
177,Anonymous,"2026-02-03 07:46:27",Unknown,9.0023184,38.7667965,4G,"4G LTE",,-81,-8,,,4,113955,11243,97,,No,,,,
176,Anonymous,"2026-02-03 07:46:23",Unknown,9.0023136,38.7667954,4G,"4G LTE",,-81,-8,,,4,113955,11243,97,,No,,,,
175,Anonymous,"2026-02-03 07:46:03",Unknown,9.0023136,38.7667954,4G,"4G LTE",,-76,-7,,,4,113955,11243,97,,No,,,,
174,Anonymous,"2026-02-03 07:45:57",Unknown,9.0023136,38.7667954,4G,"4G LTE",,-73,-7,,,4,113955,11243,97,,No,,,,
173,Anonymous,"2026-02-03 07:45:53",Unknown,9.0023067,38.7668286,4G,"4G LTE",,-73,-7,,,4,113955,11243,97,,No,,,,
172,Anonymous,"2026-02-03 07:45:46",Unknown,9.0023067,38.7668286,4G,"4G LTE",,-79,-7,,,4,113955,11243,97,,No,,,,
171,Anonymous,"2026-02-03 07:45:28",Unknown,9.0023067,38.7668286,4G,"4G LTE",,-76,-7,,,4,113955,11243,97,,No,,,,
170,Anonymous,"2026-02-03 07:37:03",Unknown,9.0023357,38.7668069,4G,"4G LTE",,-80,-8,,,4,113955,11243,97,,No,,,,
169,Anonymous,"2026-02-03 07:37:00",Unknown,9.0023270,38.7668146,4G,"4G LTE",,-80,-8,,,4,113955,11243,97,,No,,,,
168,Anonymous,"2026-02-03 07:36:38",Unknown,9.0023270,38.7668146,4G,"4G LTE",,-77,-8,,,4,113955,11243,97,,No,,,,
167,Anonymous,"2026-02-03 07:36:32",Unknown,9.0023270,38.7668146,4G,"4G LTE",,-80,-7,,,4,113955,11243,97,,No,,,,
166,Anonymous,"2026-02-03 07:36:30",Unknown,9.0023268,38.7668049,4G,"4G LTE",,-80,-7,,,4,113955,11243,97,,No,,,,
165,Anonymous,"2026-02-03 07:36:20",Unknown,9.0023268,38.7668049,4G,"4G LTE",,-78,-7,,,4,113955,11243,97,,No,,,,
164,Anonymous,"2026-02-03 07:36:02",Unknown,9.0023268,38.7668049,4G,"4G LTE",,-80,-8,,,4,113955,11243,97,,No,,,,
163,Anonymous,"2026-02-03 07:35:50",Unknown,9.0023150,38.7667971,4G,"4G LTE",,-80,-7,,,4,113955,11243,97,,No,,,,
162,Anonymous,"2026-02-03 07:35:32",Unknown,9.0023150,38.7667971,4G,"4G LTE",,-78,-8,,,4,113955,11243,97,,No,,,,
161,Anonymous,"2026-02-03 07:35:20",Unknown,9.0023250,38.7668140,4G,"4G LTE",,-78,-9,,,4,113955,11243,97,,No,,,,
160,Anonymous,"2026-02-03 07:35:02",Unknown,9.0023250,38.7668140,4G,"4G LTE",,-73,-5,,,4,113955,11243,97,,No,,,,
159,Anonymous,"2026-02-03 07:35:00",Unknown,9.0023215,38.7668073,4G,"4G LTE",,-73,-5,,,4,113955,11243,97,,No,,,,
158,Anonymous,"2026-02-03 07:34:40",Unknown,9.0023215,38.7668073,4G,"4G LTE",,-74,-6,,,4,113955,11243,97,,No,,,,
157,Anonymous,"2026-02-03 07:34:32",Unknown,9.0023215,38.7668073,4G,"4G LTE",,-75,-6,,,4,113955,11243,97,,No,,,,
156,Anonymous,"2026-02-03 07:34:29",Unknown,9.0023249,38.7668076,4G,"4G LTE",,-75,-6,,,4,113955,11243,97,,No,,,,
155,Anonymous,"2026-02-03 07:34:02",Unknown,9.0023249,38.7668076,4G,"4G LTE",,-77,-7,,,4,113955,11243,97,,No,,,,
154,Anonymous,"2026-02-03 07:34:00",Unknown,9.0023233,38.7668067,4G,"4G LTE",,-77,-7,,,4,113955,11243,97,,No,,,,
153,Anonymous,"2026-02-03 07:33:43",Unknown,9.0023233,38.7668067,4G,"4G LTE",,-75,-7,,,4,113955,11243,97,,No,,,,
152,Anonymous,"2026-02-03 07:33:36",Unknown,9.0023233,38.7668067,4G,"4G LTE",,-77,-6,,,4,113955,11243,97,,No,,,,
151,Anonymous,"2026-02-03 07:33:24",Unknown,9.0023227,38.7668061,4G,"4G LTE",,-77,-7,,,4,113955,11243,97,,No,,,,
150,Anonymous,"2026-02-03 07:33:02",Unknown,9.0023227,38.7668061,4G,"4G LTE",,-79,-9,,,4,113955,11243,97,,No,,,,
149,Anonymous,"2026-02-03 07:32:00",Unknown,9.0023210,38.7668023,4G,"4G LTE",,-79,-9,,,4,113955,11243,97,,No,,,,
148,Anonymous,"2026-02-03 07:31:50",Unknown,9.0023210,38.7668023,4G,"4G LTE",,-77,-9,,,4,113955,11243,97,,No,,,,
147,Anonymous,"2026-02-03 07:31:44",Unknown,9.0023210,38.7668023,4G,"4G LTE",,-76,-7,,,4,113955,11243,97,,No,,,,
146,Anonymous,"2026-02-03 07:31:30",Unknown,9.0023193,38.7667982,4G,"4G LTE",,-76,-7,,,4,113955,11243,97,,No,,,,
145,Anonymous,"2026-02-03 07:31:20",Unknown,9.0023193,38.7667982,4G,"4G LTE",,-73,-7,,,4,113955,11243,97,,No,,,,
144,Anonymous,"2026-02-03 07:31:14",Unknown,9.0023193,38.7667982,4G,"4G LTE",,-75,-7,,,4,113955,11243,97,,No,,,,
143,Anonymous,"2026-02-03 07:31:10",Unknown,9.0023180,38.7668029,4G,"4G LTE",,-75,-7,,,4,113955,11243,97,,No,,,,
142,Anonymous,"2026-02-03 07:30:50",Unknown,9.0023180,38.7668029,4G,"4G LTE",,-77,-7,,,4,113955,11243,97,,No,,,,
141,Anonymous,"2026-02-03 07:30:44",Unknown,9.0023180,38.7668029,4G,"4G LTE",,-76,-6,,,4,113955,11243,97,,No,,,,
140,Anonymous,"2026-02-03 07:30:40",Unknown,9.0023266,38.7668075,4G,"4G LTE",,-76,-6,,,4,113955,11243,97,,No,,,,
139,Anonymous,"2026-02-03 07:30:30",Unknown,9.0023266,38.7668075,4G,"4G LTE",,-78,-7,,,4,113955,11243,97,,No,,,,
138,Anonymous,"2026-02-03 07:30:20",Unknown,9.0023266,38.7668075,4G,"4G LTE",,-72,-6,,,4,113955,11243,97,,No,,,,
137,Anonymous,"2026-02-03 07:30:14",Unknown,9.0023266,38.7668075,4G,"4G LTE",,-75,-7,,,4,113955,11243,97,,No,,,,
136,Anonymous,"2026-02-03 07:30:10",Unknown,9.0023331,38.7668116,4G,"4G LTE",,-75,-7,,,4,113955,11243,97,,No,,,,
135,Anonymous,"2026-02-03 07:30:00",Unknown,9.0023331,38.7668116,4G,"4G LTE",,-71,-6,,,4,113955,11243,97,,No,,,,
134,Anonymous,"2026-02-03 07:29:50",Unknown,9.0023331,38.7668116,4G,"4G LTE",,-75,-7,,,4,113955,11243,97,,No,,,,
133,Anonymous,"2026-02-03 07:29:44",Unknown,9.0023331,38.7668116,4G,"4G LTE",,-76,-6,,,4,113955,11243,97,,No,,,,
132,Anonymous,"2026-02-03 07:29:40",Unknown,9.0023237,38.7668031,4G,"4G LTE",,-76,-6,,,4,113955,11243,97,,No,,,,
131,Anonymous,"2026-02-03 07:29:20",Unknown,9.0023237,38.7668031,4G,"4G LTE",,-74,-6,,,4,113955,11243,97,,No,,,,
130,Anonymous,"2026-02-03 07:29:13",Unknown,9.0023237,38.7668031,4G,"4G LTE",,-75,-7,,,4,113955,11243,97,,No,,,,
129,Anonymous,"2026-02-03 07:29:10",Unknown,9.0023203,38.7668017,4G,"4G LTE",,-75,-7,,,4,113955,11243,97,,No,,,,
128,Anonymous,"2026-02-03 07:29:00",Unknown,9.0023203,38.7668017,4G,"4G LTE",,-73,-5,,,4,113955,11243,97,,No,,,,
127,Anonymous,"2026-02-03 07:28:46",Unknown,9.0023203,38.7668017,4G,"4G LTE",,-77,-8,,,4,113955,11243,97,,No,,,,
126,Anonymous,"2026-02-03 07:28:42",Unknown,9.0023203,38.7668017,4G,"4G LTE",,-78,-6,,,4,113955,11243,97,,No,,,,
125,Anonymous,"2026-02-03 07:28:36",Unknown,9.0023287,38.7668080,4G,"4G LTE",,-78,-6,,,4,113955,11243,97,,No,,,,
124,Anonymous,"2026-02-03 07:28:26",Unknown,9.0023287,38.7668080,4G,"4G LTE",,-75,-6,,,4,113955,11243,97,,No,,,,
122,Anonymous,"2026-02-03 07:28:12",Unknown,9.0023287,38.7668080,4G,"4G LTE",,-78,-7,,,4,113955,11243,97,,No,,,,
123,Anonymous,"2026-02-03 07:28:12",Unknown,9.0023287,38.7668080,4G,"4G LTE",,-78,-7,,,4,113955,11243,97,,No,,,,
121,Anonymous,"2026-02-03 07:20:01",Unknown,9.0023284,38.7668090,4G,"4G LTE",,-76,-7,,,4,113955,11243,97,,No,,,,
120,Anonymous,"2026-02-03 07:18:17",Unknown,9.0023180,38.7668117,4G,"4G LTE",,-78,-7,,,4,113955,11243,97,,No,,,,
119,Anonymous,"2026-02-03 07:18:14",Unknown,9.0023255,38.7668060,4G,"4G LTE",,-78,-7,,,4,113955,11243,97,,No,,,,
118,Anonymous,"2026-02-03 07:18:02",Unknown,9.0023255,38.7668060,4G,"4G LTE",,-76,-6,,,4,113955,11243,97,,No,,,,
117,Anonymous,"2026-02-03 07:17:52",Unknown,9.0023255,38.7668060,4G,"4G LTE",,-75,-7,,,4,113955,11243,97,,No,,,,
116,Anonymous,"2026-02-03 07:17:47",Unknown,9.0023255,38.7668060,5G,"5G NR (NSA)",,-80,-11,,,2,113295,11243,415,,No,,,,
115,Anonymous,"2026-02-03 07:17:24",Unknown,9.0023247,38.7668141,5G,"5G NR (NSA)",,-80,-10,,,2,113295,11243,415,,No,,,,
114,Anonymous,"2026-02-03 07:17:17",Unknown,9.0023247,38.7668141,5G,"5G NR (NSA)",,-86,-11,,,2,113295,11243,415,,No,,,,
113,Anonymous,"2026-02-03 07:17:14",Unknown,9.0023329,38.7668112,5G,"5G NR (NSA)",,-86,-11,,,2,113295,11243,415,,No,,,,
112,Anonymous,"2026-02-03 07:17:06",Unknown,9.0023329,38.7668112,5G,"5G NR (NSA)",,-82,-9,,,2,113295,11243,97,,No,,,,
111,Anonymous,"2026-02-03 07:17:04",Unknown,9.0023329,38.7668112,5G,"5G NR (NSA)",,-81,-9,,,1,113955,11243,97,,No,,,,
110,Anonymous,"2026-02-03 07:16:56",Unknown,9.0023329,38.7668112,5G,"5G NR (NSA)",,-89,-15,,,1,113955,11243,97,,No,,,,
109,Anonymous,"2026-02-03 07:16:52",Unknown,9.0023329,38.7668112,5G,"5G NR (NSA)",,-83,-10,,,1,113955,11243,415,,No,,,,
108,Anonymous,"2026-02-03 07:16:48",Unknown,9.0023329,38.7668112,5G,"5G NR (NSA)",,-80,-11,,,2,113295,11243,97,,No,,,,
107,Anonymous,"2026-02-03 07:16:47",Unknown,9.0023329,38.7668112,5G,"5G NR (NSA)",,-84,-11,,,1,113955,11243,415,,No,,,,
106,Anonymous,"2026-02-03 07:16:44",Unknown,9.0023244,38.7668062,5G,"5G NR (NSA)",,-84,-11,,,1,113955,11243,415,,No,,,,
105,Anonymous,"2026-02-03 07:16:40",Unknown,9.0023244,38.7668062,5G,"5G NR (NSA)",,-79,-11,,,2,113295,11243,97,,No,,,,
104,Anonymous,"2026-02-03 07:16:38",Unknown,9.0023244,38.7668062,5G,"5G NR (NSA)",,-75,-7,,,1,113955,11243,415,,No,,,,
103,Anonymous,"2026-02-03 07:16:34",Unknown,9.0023244,38.7668062,4G,"4G LTE",,-79,-6,,,4,113955,11243,97,,No,,,,
102,Anonymous,"2026-02-03 07:16:24",Unknown,9.0023244,38.7668062,4G,"4G LTE",,-75,-6,,,4,113955,11243,97,,No,,,,
101,Anonymous,"2026-02-03 07:16:17",Unknown,9.0023244,38.7668062,4G,"4G LTE",,-77,-7,,,4,113955,11243,97,,No,,,,
100,Anonymous,"2026-02-03 07:16:14",Unknown,9.0023215,38.7668091,4G,"4G LTE",,-77,-7,,,4,113955,11243,97,,No,,,,
99,Anonymous,"2026-02-03 07:16:04",Unknown,9.0023215,38.7668091,4G,"4G LTE",,-75,-6,,,4,113955,11243,97,,No,,,,
98,Anonymous,"2026-02-03 07:15:47",Unknown,9.0023215,38.7668091,4G,"4G LTE",,-77,-6,,,4,113955,11243,97,,No,,,,
97,Anonymous,"2026-02-03 07:15:42",Unknown,9.0023183,38.7667998,4G,"4G LTE",,-77,-6,,,4,113955,11243,97,,No,,,,
96,Anonymous,"2026-02-03 07:15:34",Unknown,9.0023183,38.7667998,4G,"4G LTE",,-101,-17,,,5,113295,11243,415,,No,,,,
95,Anonymous,"2026-02-03 07:15:24",Unknown,9.0023183,38.7667998,4G,"4G LTE",,-102,-18,,,5,113295,11243,415,,No,,,,
94,Anonymous,"2026-02-03 07:15:17",Unknown,9.0023183,38.7667998,4G,"4G LTE",,-98,-15,,,5,113295,11243,415,,No,,,,
93,Anonymous,"2026-02-03 07:15:04",Unknown,9.0023149,38.7667965,4G,"4G LTE",,-98,-14,,,5,113295,11243,415,,No,,,,
92,Anonymous,"2026-02-03 07:14:47",Unknown,9.0023149,38.7667965,4G,"4G LTE",,-99,-15,,,5,113295,11243,415,,No,,,,
91,Anonymous,"2026-02-03 07:14:44",Unknown,9.0023142,38.7667993,4G,"4G LTE",,-99,-15,,,5,113295,11243,415,,No,,,,
90,Anonymous,"2026-02-03 07:14:34",Unknown,9.0023142,38.7667993,4G,"4G LTE",,-100,-17,,,5,113295,11243,415,,No,,,,
89,Anonymous,"2026-02-03 07:14:23",Unknown,9.0023142,38.7667993,4G,"4G LTE",,-101,-18,,,5,113295,11243,415,,No,,,,
88,Anonymous,"2026-02-03 07:14:17",Unknown,9.0023142,38.7667993,4G,"4G LTE",,-97,-14,,,5,113295,11243,415,,No,,,,
87,Anonymous,"2026-02-03 07:14:03",Unknown,9.0023172,38.7668105,4G,"4G LTE",,-97,-14,,,5,113295,11243,415,,No,,,,
86,Anonymous,"2026-02-03 07:13:47",Unknown,9.0023172,38.7668105,4G,"4G LTE",,-99,-15,,,5,113295,11243,415,,No,,,,
85,Anonymous,"2026-02-03 07:13:43",Unknown,9.0023143,38.7667980,4G,"4G LTE",,-99,-15,,,5,113295,11243,415,,No,,,,
84,Anonymous,"2026-02-03 07:13:33",Unknown,9.0023143,38.7667980,4G,"4G LTE",,-96,-13,,,5,113295,11243,415,,No,,,,
83,Anonymous,"2026-02-03 07:13:23",Unknown,9.0023143,38.7667980,4G,"4G LTE",,-101,-18,,,5,113295,11243,415,,No,,,,
82,Anonymous,"2026-02-03 07:13:17",Unknown,9.0023143,38.7667980,4G,"4G LTE",,-98,-15,,,5,113295,11243,415,,No,,,,
81,Anonymous,"2026-02-03 07:13:13",Unknown,9.0023132,38.7667923,4G,"4G LTE",,-98,-15,,,5,113295,11243,415,,No,,,,
80,Anonymous,"2026-02-03 07:12:47",Unknown,9.0023132,38.7667923,4G,"4G LTE",,-99,-16,,,5,113295,11243,415,,No,,,,
79,Anonymous,"2026-02-03 07:12:33",Unknown,9.0023246,38.7668027,4G,"4G LTE",,-99,-16,,,5,113295,11243,415,,No,,,,
78,Anonymous,"2026-02-03 07:12:23",Unknown,9.0023246,38.7668027,4G,"4G LTE",,-98,-15,,,5,113295,11243,415,,No,,,,
77,Anonymous,"2026-02-03 07:12:17",Unknown,9.0023246,38.7668027,4G,"4G LTE",,-99,-16,,,5,113295,11243,415,,No,,,,
76,Anonymous,"2026-02-03 07:12:13",Unknown,9.0023183,38.7668025,4G,"4G LTE",,-99,-16,,,5,113295,11243,415,,No,,,,
75,Anonymous,"2026-02-03 07:12:03",Unknown,9.0023183,38.7668025,4G,"4G LTE",,-101,-17,,,5,113295,11243,415,,No,,,,
74,Anonymous,"2026-02-03 07:11:53",Unknown,9.0023183,38.7668025,4G,"4G LTE",,-98,-15,,,5,113295,11243,415,,No,,,,
73,Anonymous,"2026-02-03 07:11:47",Unknown,9.0023183,38.7668025,4G,"4G LTE",,-102,-16,,,5,113295,11243,415,,No,,,,
71,Anonymous,"2026-01-31 11:15:59",Unknown,9.0165824,38.8921737,4G,"4G LTE",,-78,-10,,,144,113052,11206,451,,No,,,,
72,Anonymous,"2026-01-31 11:15:59",Unknown,9.0165824,38.8921737,4G,"4G LTE",,-78,-10,,,144,113052,11206,451,,No,,,,
70,Anonymous,"2026-01-30 22:06:04",Unknown,9.0165812,38.8921554,4G,"4G LTE",,-69,-9,,,144,113052,11206,451,,No,,,,
69,Anonymous,"2026-01-30 19:26:52",Unknown,9.0165782,38.8921671,4G,"4G LTE",,-85,-11,,,144,113052,11206,451,,No,,,,
68,Anonymous,"2026-01-30 19:26:47",Unknown,9.0165782,38.8921671,4G,"4G LTE",,-84,-12,,,144,113052,11206,451,,No,,,,
67,Anonymous,"2026-01-30 19:26:32",Unknown,9.0165628,38.8921600,4G,"4G LTE",,-84,-12,,,144,113052,11206,451,,No,,,,
66,Anonymous,"2026-01-30 19:26:17",Unknown,9.0165628,38.8921600,4G,"4G LTE",,-85,-12,,,144,113052,11206,451,,No,,,,
65,Anonymous,"2026-01-30 19:26:12",Unknown,9.0165782,38.8921700,4G,"4G LTE",,-85,-12,,,144,113052,11206,451,,No,,,,
64,Anonymous,"2026-01-30 19:26:02",Unknown,9.0165782,38.8921700,4G,"4G LTE",,-84,-12,,,144,113052,11206,451,,No,,,,
63,Anonymous,"2026-01-30 19:25:47",Unknown,9.0165782,38.8921700,4G,"4G LTE",,-85,-11,,,144,113052,11206,451,,No,,,,
62,Anonymous,"2026-01-30 19:25:41",Unknown,9.0165611,38.8921535,4G,"4G LTE",,-85,-11,,,144,113052,11206,451,,No,,,,
61,Anonymous,"2026-01-30 19:25:17",Unknown,9.0165611,38.8921535,4G,"4G LTE",,-84,-12,,,144,113052,11206,451,,No,,,,
60,Anonymous,"2026-01-30 19:24:56",Unknown,9.0165762,38.8921670,4G,"4G LTE",,-84,-13,,,144,113052,11206,451,,No,,,,
59,Anonymous,"2026-01-30 19:24:37",Unknown,9.0165274,38.8921318,4G,"4G LTE",,-84,-11,,,144,113052,11206,451,,No,,,,
58,Anonymous,"2026-01-30 19:24:19",Unknown,9.0165274,38.8921318,4G,"4G LTE",,-85,-10,,,144,113052,11206,451,,No,,,,
56,Anonymous,"2026-01-30 19:24:17",Unknown,9.0165274,38.8921318,4G,"4G LTE",,-84,-11,,,144,113052,11206,451,,No,,,,
57,Anonymous,"2026-01-30 19:24:17",Unknown,9.0165274,38.8921318,unknown,unknown,,,,,,,,,,,No,,,,
55,Anonymous,"2026-01-30 18:15:37",Unknown,9.0165277,38.8921287,4G,"4G LTE",,-79,-10,,,7,113052,11206,384,,No,,,,
54,Anonymous,"2026-01-30 18:15:25",Unknown,9.0165277,38.8921287,4G,"4G LTE",,-77,-7,,,7,113052,11206,384,,No,,,,
53,Anonymous,"2026-01-30 16:36:56",Unknown,9.0107168,38.7640207,5G,"5G NR (NSA)",,-78,-11,,,3,111139,11212,409,,No,,,,
52,Anonymous,"2026-01-30 16:36:46",Unknown,9.0107168,38.7640207,5G,"5G NR (NSA)",,-77,-12,,,3,111139,11212,409,,No,,,,
51,Anonymous,"2026-01-30 16:36:38",Unknown,9.0107168,38.7640207,5G,"5G NR (NSA)",,-80,-14,,,3,111139,11212,409,,No,,,,
50,Anonymous,"2026-01-30 16:36:30",Unknown,9.0107168,38.7640207,5G,"5G NR (NSA)",,-79,-13,,,3,111139,11212,409,,No,,,,
48,Anonymous,"2026-01-30 15:50:50",Unknown,9.0023125,38.7667993,5G,"5G NR (NSA)",,-76,-7,,,1,113955,11243,97,,No,,,,
49,Anonymous,"2026-01-30 15:50:50",Unknown,9.0023363,38.7668272,5G,"5G NR (NSA)",,-76,-7,,,1,113955,11243,97,,No,,,,
47,Anonymous,"2026-01-30 15:46:11",Unknown,9.0023125,38.7667993,5G,"5G NR (NSA)",,-82,-6,,,1,113955,11243,97,,No,,,,
46,Anonymous,"2026-01-30 15:46:03",Unknown,9.0023125,38.7667993,5G,"5G NR (NSA)",,-83,-7,,,1,113955,11243,97,,No,,,,
45,Anonymous,"2026-01-30 15:46:01",Unknown,9.0023253,38.7668048,5G,"5G NR (NSA)",,-83,-7,,,1,113955,11243,97,,No,,,,
44,Anonymous,"2026-01-30 15:45:41",Unknown,9.0023253,38.7668048,5G,"5G NR (NSA)",,-82,-7,,,1,113955,11243,97,,No,,,,
43,Anonymous,"2026-01-30 15:45:33",Unknown,9.0023253,38.7668048,4G,"4G LTE",,-82,-8,,,1,113955,11243,97,,No,,,,
42,Anonymous,"2026-01-30 15:45:31",Unknown,9.0023166,38.7668055,4G,"4G LTE",,-82,-8,,,1,113955,11243,97,,No,,,,
41,Anonymous,"2026-01-30 15:45:23",Unknown,9.0023166,38.7668055,4G,"4G LTE",,-80,-7,,,1,113955,11243,97,,No,,,,
40,Anonymous,"2026-01-30 15:45:21",Unknown,9.0023166,38.7668055,4G,"4G LTE",,-81,-7,,,1,113955,11243,97,,No,,,,
39,Anonymous,"2026-01-30 15:45:03",Unknown,9.0023166,38.7668055,5G,"5G NR (NSA)",,-82,-8,,,1,113955,11243,97,,No,,,,
38,Anonymous,"2026-01-30 15:44:41",Unknown,9.0023224,38.7668100,5G,"5G NR (NSA)",,-82,-6,,,1,113955,11243,97,,No,,,,
37,Anonymous,"2026-01-30 15:44:33",Unknown,9.0023224,38.7668100,4G,"4G LTE",,-81,-6,,,1,113955,11243,97,,No,,,,
36,Anonymous,"2026-01-30 15:44:03",Unknown,9.0023221,38.7668011,4G,"4G LTE",,-81,-8,,,1,113955,11243,97,,No,,,,
35,Anonymous,"2026-01-30 15:44:01",Unknown,9.0023073,38.7667959,4G,"4G LTE",,-81,-8,,,1,113955,11243,97,,No,,,,
34,Anonymous,"2026-01-30 15:43:41",Unknown,9.0023073,38.7667959,5G,"5G NR (NSA)",,-83,-8,,,1,113955,11243,97,,No,,,,
33,Anonymous,"2026-01-30 15:43:33",Unknown,9.0023073,38.7667959,4G,"4G LTE",,-81,-6,,,1,113955,11243,97,,No,,,,
32,Anonymous,"2026-01-30 15:43:11",Unknown,9.0023118,38.7668000,4G,"4G LTE",,-81,-7,,,1,113955,11243,97,,No,,,,
31,Anonymous,"2026-01-30 15:43:03",Unknown,9.0023118,38.7668000,5G,"5G NR (NSA)",,-82,-7,,,1,113955,11243,97,,No,,,,
30,Anonymous,"2026-01-30 15:43:01",Unknown,9.0023130,38.7668008,5G,"5G NR (NSA)",,-82,-7,,,1,113955,11243,97,,No,,,,
29,Anonymous,"2026-01-30 15:42:41",Unknown,9.0023130,38.7668008,5G,"5G NR (NSA)",,-83,-8,,,1,113955,11243,97,,No,,,,
28,Anonymous,"2026-01-30 15:42:33",Unknown,9.0023130,38.7668008,5G,"5G NR (NSA)",,-71,-3,,,1,113955,11243,97,,No,,,,
27,Anonymous,"2026-01-30 15:42:31",Unknown,9.0023282,38.7668035,5G,"5G NR (NSA)",,-71,-3,,,1,113955,11243,97,,No,,,,
26,Anonymous,"2026-01-30 15:42:29",Unknown,9.0023282,38.7668035,4G,"4G LTE",,-70,-4,,,4,113955,11243,97,,No,,,,
25,Anonymous,"2026-01-30 15:42:03",Unknown,9.0023282,38.7668035,4G,"4G LTE",,-81,-7,,,1,113955,11243,97,,No,,,,
24,Anonymous,"2026-01-30 15:42:01",Unknown,9.0023083,38.7667919,4G,"4G LTE",,-81,-7,,,1,113955,11243,97,,No,,,,
23,Anonymous,"2026-01-30 15:41:51",Unknown,9.0023083,38.7667919,4G,"4G LTE",,-83,-7,,,1,113955,11243,97,,No,,,,
22,Anonymous,"2026-01-30 15:41:31",Unknown,9.0023083,38.7667919,5G,"5G NR (NSA)",,-82,-9,,,1,113955,11243,97,,No,,,,
21,Anonymous,"2026-01-30 15:41:03",Unknown,9.0023294,38.7668043,5G,"5G NR (NSA)",,-82,-8,,,1,113955,11243,97,,No,,,,
20,Anonymous,"2026-01-30 15:40:56",Unknown,9.0023294,38.7668043,5G,"5G NR (NSA)",,-81,-7,,,1,113955,11243,97,,No,,,,
19,Anonymous,"2026-01-30 15:40:53",Unknown,9.0023356,38.7668056,5G,"5G NR (NSA)",,-81,-7,,,1,113955,11243,97,,No,,,,
17,Anonymous,"2026-01-30 15:40:45",Unknown,9.0023356,38.7668056,5G,"5G NR (NSA)",,-84,-8,,,1,113955,11243,97,,No,,,,
16,Anonymous,"2026-01-30 15:40:43",Unknown,9.0023356,38.7668056,4G,"4G LTE",,-85,-8,,,1,113955,11243,---,,No,,,,
18,Anonymous,"2026-01-30 15:40:30",Unknown,9.0023356,38.7668056,5G,"5G NR (NSA)",,-84,-8,,,1,113955,11243,97,,No,,,,
15,Anonymous,"2026-01-30 15:40:16",Unknown,9.0023164,38.7668020,5G,"5G NR (NSA)",,-84,-8,,,1,113955,11243,97,,No,,,,
14,Anonymous,"2026-01-30 15:40:08",Unknown,9.0023164,38.7668020,5G,"5G NR (NSA)",,-85,-8,,,1,113955,11243,97,,No,,,,
13,Anonymous,"2026-01-30 15:40:00",Unknown,9.0023164,38.7668020,5G,"5G NR (NSA)",,-83,-7,,,1,113955,11243,97,,No,,,,
12,Anonymous,"2026-01-30 15:39:58",Unknown,9.0023246,38.7668063,5G,"5G NR (NSA)",,-83,-7,,,1,113955,11243,97,,No,,,,
11,Anonymous,"2026-01-30 15:39:48",Unknown,9.0023246,38.7668063,4G,"4G LTE",,-83,-6,,,1,113955,11243,97,,No,,,,
10,Anonymous,"2026-01-30 15:39:30",Unknown,9.0023246,38.7668063,5G,"5G NR (NSA)",,-85,-7,,,1,113955,11243,97,,No,,,,
9,Anonymous,"2026-01-30 15:39:28",Unknown,9.0023248,38.7668043,5G,"5G NR (NSA)",,-85,-7,,,1,113955,11243,97,,No,,,,
8,Anonymous,"2026-01-30 15:39:14",Unknown,9.0023248,38.7668043,5G,"5G NR (NSA)",,-87,-7,,,1,113955,11243,97,,No,,,,
7,Anonymous,"2026-01-30 15:39:06",Unknown,9.0023248,38.7668043,5G,"5G NR (NSA)",,-88,-7,,,1,113955,11243,97,,No,,,,
5,Anonymous,"2026-01-30 15:38:58",Unknown,9.0023299,38.7668152,5G,"5G NR (NSA)",,-87,-9,,,1,113955,11243,97,,No,,,,
6,Anonymous,"2026-01-30 15:38:58",Unknown,9.0023248,38.7668043,5G,"5G NR (NSA)",,-87,-9,,,1,113955,11243,97,,No,,,,
4,Anonymous,"2026-01-30 15:38:57",Unknown,9.0023299,38.7668152,5G,"5G NR (NSA)",,-79,-5,,,1,113955,11243,97,,No,,,,
3,Anonymous,"2026-01-30 15:38:30",Unknown,9.0023299,38.7668152,5G,"5G NR (NSA)",,-78,-8,,,1,113955,11243,97,,No,,,,
2,Anonymous,"2026-01-30 15:38:20",Unknown,9.0023299,38.7668152,5G,"5G NR (NSA)",,-80,-6,,,1,113955,11243,97,,No,,,,
1,Anonymous,"2026-01-30 15:38:12",Unknown,9.0023299,38.7668152,5G,"5G NR (NSA)",,-82,-7,,,1,113955,11243,97,,No,,,,
