<?xml version="1.0" encoding="utf-8" ?>
<kml xmlns="http://www.opengis.net/kml/2.2">
<Document id="root_doc">
<Schema name="et_regions__zones" id="et_regions__zones">
	<SimpleField name="Region/Zon" type="string"></SimpleField>
</Schema>
<Folder><name>et_regions__zones</name>
  <Placemark>
	<Style><LineStyle><color>ff0000ff</color></LineStyle><PolyStyle><fill>0</fill></PolyStyle></Style>
	<ExtendedData><SchemaData schemaUrl="#et_regions__zones">
		<SimpleData name="Region/Zon">WWR</SimpleData>
	</SchemaData></ExtendedData>
      <MultiGeometry><Polygon><outerBoundaryIs><LinearRing><coordinates>34.1319351200002,9.64016437600009 34.1461029060002,9.7181253440001 34.1825717604505,9.81535565641116 34.2168502810001,9.90250682900012 34.218345641,9.9608078010001 34.2331199640001,10.0475006110001 34.2595787060001,10.0706434260002 34.297630309,10.0863637930001 34.3336143500001,10.113433838 34.3332023610002,10.1418838490001 34.3462181090001,10.168628692 34.342433929,10.201482772 34.3514060970001,10.220916748 34.3258444489735,10.2925552410193 34.304901122,10.3729124070001 34.293098449,10.406282426 34.3251724250002,10.4733829500001 34.3075675970001,10.5062303550002 34.2797660820001,10.5148124690001 34.2795028690001,10.5318813320001 34.2998428350001,10.5878391260002 34.3451271050001,10.6296052930001 34.3827552800001,10.6775903700001 34.406723023,10.7127323160001 34.4306449890001,10.762063028 34.451576233,10.7919607160002 34.4650154120001,10.8210992820001 34.5049705500002,10.8444547660002 34.5317268360001,10.852435112 34.554306029,10.8831233980001 34.5830421460001,10.8873338700001 34.5982055660001,10.9008359910001 34.6097793580001,10.8972072610002 34.687633514,10.8242950440002 34.7283744810002,10.79449463 34.765399933,10.7551450740002 34.7903518680001,10.7554845820002 34.790561675,10.740302086 34.780124664,10.709791183 34.7852249150001,10.709859849 34.8575286860001,10.756389617 34.8668670660001,10.775497437 34.8671989440001,10.8084039690001 34.8896217340001,10.8218574520001 34.9272193910001,10.856031418 34.9823455820002,10.898525238 34.9565811150001,10.9570398340001 34.9707107540001,11.0483570110001 34.991159945481,11.1361154996264 35.0002593990001,11.180628777 34.9965209960001,11.1985950480002 34.9845581050002,11.2135162350001 34.934455,11.249219 34.9628830000001,11.2852710000001 34.9869630000001,11.3312960000001 35.038734,11.415697 35.078003,11.5214610000001 35.0778930000001,11.6212660000001 35.069010346,11.662135926 35.0466041560001,11.735230447 35.075769800908,11.7802785322772 35.0974388120002,11.8144588470001 35.157238007,11.8607997890001 35.257712745025,11.9329544872203 35.2873497010001,11.870111465 35.2846984870001,11.8465032590001 35.295932769,11.79915142 35.303268433,11.8028087610001 35.3136634820001,11.7922334680002 35.3257141120001,11.7944831860001 35.3374443060001,11.773028373 35.3637733450001,11.7529840470001 35.3946800230001,11.746206284 35.4152832040001,11.732650756 35.4732971200002,11.7361755370001 35.5169448850002,11.7180109030001 35.5765876770001,11.76735115 35.644908904,11.7814483650002 35.6665954580001,11.8259096140002 35.6943931580001,11.8313264850001 35.7055435180002,11.82240677 35.8036651610001,11.8380165110001 35.8229904170001,11.8268661510002 35.8601570130001,11.849909783 35.8744239810002,11.8859367370001 35.9364585880001,11.920758248 35.93938446,11.970210076 35.9545746244454,11.9641657784644 35.9690246590001,11.958415985 36.0212097170001,11.913844109 36.0544967650001,11.8493175510001 36.0898704520001,11.8169517520001 36.1183586120002,11.7058105460001 36.1649971000001,11.6781768810001 36.2070732120002,11.721434593 36.2315788270002,11.722111702 36.3087997440002,11.803229331 36.3403549200002,11.7486372000001 36.334545135,11.7171697610002 36.3324165350002,11.6660423280001 36.3484230050001,11.6053600320001 36.3903312690001,11.571339607 36.413116454,11.5319595340001 36.424015045,11.522185326 36.4383735650001,11.491818429 36.4776954650001,11.4376211170001 36.4978294360001,11.4436941160002 36.5122222910002,11.4582767490002 36.5299110420001,11.4345474250002 36.5311012280002,11.415035248 36.5410537720002,11.3941259380001 36.5638885490001,11.3713493360001 36.5588378900001,11.3543472290002 36.5345420840001,11.335292816 36.5564193720002,11.3294868470001 36.5568809510001,11.3021163940002 36.5296478270001,11.302497865 36.5049591060001,11.2849884040002 36.4949646000002,11.2889518750001 36.467144013,11.2649927150001 36.4758300780001,11.2446661000001 36.467563628,11.215339661 36.4676094050001,11.1554088600001 36.4892082220002,11.146201133 36.530422211,11.1416006100001 36.5250854490001,11.1127119060001 36.4783248900001,11.067137718 36.4361724850002,11.0390462870001 36.4176712030001,11.0007276540002 36.3471145640001,10.9172391890001 36.3321037300001,10.887440683 36.313758851,10.8508090970001 36.3759880070002,10.7652864460001 36.3313369750002,10.7262372970001 36.312488556,10.6738290780002 36.291572571,10.6199588790001 36.3012123100002,10.584030153 36.3182182320002,10.5280036930001 36.3485183720001,10.5243215570001 36.3646774290001,10.506177902 36.393559103631,10.4697469360613 36.401947021,10.4591665270001 36.4405746460002,10.4542913430001 36.485412597,10.4828052520001 36.5426712030001,10.462495805 36.5204963680001,10.3995599740002 36.5392456050002,10.364979743 36.612133025,10.3603048320001 36.6554374690001,10.321976661 36.6596908560001,10.2770404820002 36.6105689990001,10.25922203 36.5493431100002,10.2788267140002 36.490913392,10.234269143 36.4453506470002,10.245843888 36.3694229120001,10.1616525650001 36.2718925470001,10.1130876550001 36.2589187610001,10.07845211 36.184566497,10.049661637 36.139900207,10.0097055430001 36.119800567,9.96133327600012 36.1523437500001,9.84893131200005 36.1052856440001,9.77332401400008 36.1590576170001,9.74693679700005 36.1918640140001,9.68787765500002 36.2007789620001,9.61492919900013 36.1537575895279,9.56040111244621 35.9965394552727,9.45135581569427 35.8551509743155,9.41665221732364 35.7773246760001,9.44013977100019 35.7528915410001,9.48169422100011 35.7318534860001,9.48149871900011 35.6864852900002,9.51041507700006 35.6474914550001,9.55331039400016 35.6435813900002,9.59455013399997 35.6534385690001,9.63492870400012 35.6247558600001,9.65116882400002 35.6184978972087,9.7220199092407 35.5343300654364,9.7310342314918 35.45537567,9.67223072100018 35.4002761830002,9.71613883900017 35.3650817870002,9.72746658300002 35.3788299560001,9.76540660800009 35.4196281430002,9.78514480500019 35.3637886060002,9.81304359500012 35.3498001100001,9.86607551500009 35.3246917720001,9.88479614200014 35.2974548350001,9.92248344300009 35.2594632198262,9.9039580393857 35.2307434090002,9.89325237300017 35.2207984930001,9.92542552900017 35.04851532,9.91774082100005 35.0196533200001,9.92879199900017 35.0152004593771,9.99258335326699 34.9881820680001,9.99676704400002 34.9276542660001,9.93527984600007 34.8976821900002,9.88175678200002 34.8697280890001,9.82066726700015 34.9338146660773,9.79612014321277 34.927663787793,9.76431481830494 34.8382941617031,9.78663237319426 34.809959411,9.70224094500009 34.8108558660001,9.63011837100009 34.7920570370001,9.60331440000004 34.7829856870001,9.55333137500003 34.7351379400002,9.54530143800008 34.6320152280001,9.58802127800016 34.5853958130001,9.63035965000012 34.5484657280001,9.62966251400013 34.532142638,9.59056472700019 34.5232315060001,9.54111290000009 34.4987335200001,9.51423072800003 34.4425177089528,9.49778848794397 34.4070732984999,9.46044248317226 34.4346668490692,9.40032222045907 34.4662704460002,9.3658103950001 34.4462653031825,9.33582474024947 34.3754695863115,9.32814200365481 34.278132592423,9.33451525957036 34.1170234680001,9.34409618300003 34.10073471,9.55058765400014 34.1319351200002,9.64016437600009</coordinates></LinearRing></outerBoundaryIs></Polygon></MultiGeometry>
  </Placemark>
  <Placemark>
	<Style><LineStyle><color>ff0000ff</color></LineStyle><PolyStyle><fill>0</fill></PolyStyle></Style>
	<ExtendedData><SchemaData schemaUrl="#et_regions__zones">
		<SimpleData name="Region/Zon">SWAAZ</SimpleData>
	</SchemaData></ExtendedData>
      <MultiGeometry><Polygon><outerBoundaryIs><LinearRing><coordinates>38.7348815609077,8.84419727069531 38.731854249149,8.83476264492155 38.7263218817409,8.82964320200561 38.6881713697207,8.85700281196218 38.6753848970353,8.87207939915832 38.6648885388608,8.87494204229683 38.6524837519273,8.8989882446603 38.6517463555807,8.91170934957364 38.6465894667046,8.91545729838295 38.641414865125,8.92208023264426 38.6375858323119,8.92957645178691 38.63187272133,8.94192789173792 38.6321402038698,8.96542239281395 38.6308224099544,8.97328542522304 38.632981893156,8.9981258950233 38.6408213333712,8.99793908036979 38.6483160542962,8.99947043845313 38.6555037162563,9.00512893748739 38.6560848558539,9.0094016186898 38.6540165564275,9.01538759004247 38.6527276510046,9.02105117449772 38.6552099936507,9.02493303164745 38.6584037341163,9.02466333715594 38.6661318058476,9.02470549625127 38.6695778620797,9.02579195132256 38.6748657946406,9.0316829760498 38.6798559087387,9.03103177701332 38.6812170580981,9.03494186774114 38.6824705374378,9.03594465121287 38.685498106524,9.03618385601215 38.6894401317992,9.03451754533942 38.6893953571752,9.03255383323894 38.6906895674902,9.03037484021392 38.697754127907,9.02917819767442 38.7015197689792,9.03097784139972 38.7019522730591,9.03501905139623 38.7055345572875,9.03538058551002 38.7070646986796,9.03553343643715 38.7077035939915,9.03286436720673 38.7098542643464,9.03210274809886 38.711629365261,9.03280843883001 38.7132690642499,9.03175363386985 38.713387861593,9.0316772125098 38.7137371007808,9.02983181239614 38.7172447317737,9.0281054188959 38.7154510254737,9.02605124039401 38.7172138446687,9.0219515140248 38.715880403538,9.02098608042759 38.7152377286883,9.01993256310921 38.7149278180891,9.01768302408318 38.7175498421655,9.01630315153815 38.7204974757578,9.01440898802263 38.7205332210111,9.01345253131183 38.7265769759285,9.01342481661621 38.7296064663853,9.01340192467201 38.7294172558309,9.015937945815 38.7300518297466,9.01667828204998 38.7310565717798,9.01725997480604 38.7324485728241,9.01770565746098 38.733541986283,9.01741861828497 38.7352341833915,9.0172070936464 38.7364504500633,9.01694268784819 38.7381955283315,9.01651963857106 38.7412626355907,9.01641387625177 38.7432721196571,9.01609658929392 38.7455988906813,9.015937945815 38.7461859755494,9.01647295895523 38.7462588646913,9.01757579284262 38.7460376084503,9.01422812165329 38.7457555755989,9.01093773838668 38.7459435974999,9.00783537702103 38.7469777179551,9.00642521276391 38.747165739856,9.00539109230869 38.7465076632027,9.00398092805158 38.7459435974999,9.00219471999256 38.7460376084503,9.00153664333924 38.7477298055589,9.00050252288402 38.7490631562036,8.99768995828129 38.7481606952517,8.99315569992978 38.7474477727074,8.991383460688 38.7474477727074,8.98931521977757 38.7479178274598,8.98799906647092 38.7486699150636,8.98536675985764 38.7435151998939,8.9849281179425 38.7436587151654,8.9837519927909 38.7432991922353,8.98285918195627 38.7410240568001,8.98192927523375 38.739158301107,8.9822626704434 38.7347328406336,8.9790645481089 38.7356707023406,8.97644943164787 38.7325565893675,8.97344023855763 38.7323750909695,8.97326485515629 38.734501379889,8.96904811507526 38.7340042116996,8.96724681726335 38.7362621814286,8.96466280757345 38.7397112554773,8.95999158716943 38.7375958439559,8.95715620767325 38.7367529476386,8.95340863411471 38.736808866812,8.9510684314262 38.7357434093733,8.94893751654878 38.7359746830472,8.94546498708935 38.7372483738526,8.94274588212963 38.7366358316187,8.9409780227556 38.7371491561936,8.93961481421704 38.7366301965559,8.93832557361402 38.7366208449111,8.93690411488805 38.7353046916044,8.93132613182656 38.7343019081327,8.92894452108121 38.7345526040006,8.92693895413775 38.7349286478025,8.9249333871943 38.7338005163968,8.92317851611878 38.7316696015194,8.92367990785464 38.7282852073023,8.92330386405274 38.7240233775475,8.91966877396773 38.7216417668021,8.91666042355255 38.7215164188682,8.91189720206185 38.7223938544059,8.90675793676924 38.7242740734154,8.90099193180681 38.7309175139156,8.89823427725956 38.736808866812,8.8925936202311 38.7356791369491,8.88489924980373 38.7355553874724,8.86752403343791 38.7348815609077,8.84419727069531</coordinates></LinearRing></outerBoundaryIs></Polygon></MultiGeometry>
  </Placemark>
  <Placemark>
	<Style><LineStyle><color>ff0000ff</color></LineStyle><PolyStyle><fill>0</fill></PolyStyle></Style>
	<ExtendedData><SchemaData schemaUrl="#et_regions__zones">
		<SimpleData name="Region/Zon">CER</SimpleData>
	</SchemaData></ExtendedData>
      <MultiGeometry><Polygon><outerBoundaryIs><LinearRing><coordinates>41.5942726140001,7.74528503400006 41.5942230220001,7.82970619200012 41.5508308410001,7.86410617900003 41.5253829960002,7.93833589500008 41.5306510930001,8.04241561999999 41.4519309990001,8.12714576800005 41.4897569296331,8.16711748074923 41.4411010740001,8.25233650200005 41.4237632750001,8.27185630800011 41.3603019710002,8.34169578600012 41.3217430110001,8.34415626600014 41.2655525210001,8.40321636200002 41.2624320990001,8.46594619799998 41.2678642270001,8.49361610500011 41.2995224000002,8.52642631500004 41.3188934330001,8.57988643700008 41.3648643490002,8.6595163340001 41.3801727290001,8.75645542200004 41.4221458440001,8.84773540600008 41.4846763610001,8.94756507900007 41.5297164920001,9.03808498400014 41.5305747990001,9.13451480900017 41.5789642340001,9.13243484500003 41.5995617197867,9.18346986632258 41.6285362250002,9.23247432700003 41.6476013154789,9.28189933146875 41.6536369330001,9.29036426500011 41.6912384030001,9.30288410200012 41.7102470390001,9.29335403500005 41.735088348,9.29384422300012 41.7548561090002,9.29090786000006 41.7667465210001,9.28468418100016 41.797152945196,9.28662582381413 41.8367271430001,9.29326343600007 41.8509788510001,9.29291343699998 41.8704338070001,9.32131862600005 41.8732275966162,9.34507469018721 41.8792442974465,9.35033930341375 41.9145469670001,9.35476303000002 41.9229774470001,9.37091350500009 41.9411736939087,9.44031637563996 41.9394113057498,9.45939200596347 41.9387474060001,9.47954273199997 41.9679906346939,9.50978187541748 41.9898011752039,9.51730275145539 42.0116117157138,9.51730275145539 42.0419258836561,9.50700737366367 42.0514723587147,9.50376517458715 42.0838121256778,9.50226099937956 42.089622518615,9.52828360782812 42.1229206810749,9.54136955477671 42.1349540827355,9.5503946060222 42.1461296090002,9.57063198100013 42.1379624331507,9.59627194985346 42.1422500620001,9.62029266300016 42.1650375868872,9.64064511847714 42.1695501125099,9.66471192179846 42.1738746162317,9.68389015569514 42.2586364740001,9.65158176400007 42.3027610780001,9.69113159200003 42.3283424370001,9.7133817670001 42.3765716550002,9.71383953100013 42.3954200750001,9.62982177700007 42.3842391970001,9.57147121500009 42.6173645378647,9.58484859283279 42.5056192775166,9.48843019367217 42.5320587160001,9.38357162500006 42.4457316756982,9.27846415086696 42.3631417427422,9.21643223649486 42.4016028276463,9.14394171796283 42.4233789944198,9.06583910730085 42.3623030726108,9.11395186785545 42.2593998092974,8.97213671580236 42.3688919405517,8.73383449136884 42.4724255885576,8.65788582783363 42.2156181330002,8.61120319500003 42.0697250360001,8.49397373200014 41.9537222676019,8.46715068829753 41.9510686636086,8.48506251525202 41.9537222676019,8.46715068829753 41.7641157399482,8.42330842273974 41.7373436280915,8.17566638806515 41.9013199766445,7.86662825089676 41.7446113721293,7.79769408899973 41.7082267348971,7.61763599423455 41.7078069795251,7.61735403003621 41.6535606380001,7.67775583200006 41.5942726140001,7.74528503400006</coordinates></LinearRing></outerBoundaryIs></Polygon></MultiGeometry>
  </Placemark>
  <Placemark>
	<Style><LineStyle><color>ff0000ff</color></LineStyle><PolyStyle><fill>0</fill></PolyStyle></Style>
	<ExtendedData><SchemaData schemaUrl="#et_regions__zones">
		<SimpleData name="Region/Zon">SWWR</SimpleData>
	</SchemaData></ExtendedData>
      <MultiGeometry><Polygon><outerBoundaryIs><LinearRing><coordinates>34.6936271996848,7.51269345362845 34.5276475968381,7.44010429084817 34.4289350069066,7.39693353892376 34.265313148237,7.33602689336548 34.011753083,7.25971841800015 34.0350608830001,7.29375124000018 34.0306625370002,7.33602285400008 34.028770448,7.36958551400011 33.9847450250001,7.43617200900002 33.9577369690001,7.44726991700009 33.9566268920001,7.46317672700013 33.9451599120001,7.46798562999999 33.9435310360001,7.4924225800001 33.9476470940002,7.50227880400007 33.9278259280001,7.51137828800012 33.900562285,7.51681518500015 33.887420654,7.51197385800003 33.872123718,7.51760959700016 33.850814819,7.54728603300009 33.8050355347142,7.59324085386351 33.7930564880001,7.60462904000013 33.7777519230001,7.60377884000013 33.7693634030001,7.61133050900014 33.7524833690001,7.616481781 33.7369461060001,7.62758016600003 33.7329788200001,7.63984012500003 33.7122917180001,7.65648174300009 33.6942977900001,7.66001081500008 33.6865921010001,7.6710309990001 33.6816864010001,7.67348289400019 33.6834068300001,7.68083953900003 33.6723365780002,7.69218397100002 33.6616439820001,7.69057226199999 33.636253357,7.69172954700008 33.622749329,7.70777940900007 33.612480163,7.70175218600008 33.59821701,7.7049450880001 33.5870094300001,7.69768953400001 33.580204011,7.68669176100019 33.5623283380001,7.69374513600013 33.550018311,7.70173740300004 33.5404396050001,7.70365238300019 33.514900208,7.73174285900006 33.5027694700001,7.72727394200001 33.4986877440001,7.73422241300005 33.4896316520001,7.73124933300005 33.4734001160002,7.74387264300003 33.4643325810002,7.74689483700013 33.461215973,7.74109316000016 33.390525818,7.72769355700001 33.3743171680001,7.7300086030001 33.3597488410001,7.71961307600014 33.3514480590001,7.72344350800017 33.3329353340001,7.70876026200011 33.3201637260001,7.70620679800004 33.3152732840001,7.72132682900008 33.3033752440001,7.7253360740001 33.3036727900001,7.73364114800017 33.2995033270001,7.73977136600007 33.292324066,7.73468685199998 33.2950134270001,7.74563598700007 33.2812728880001,7.74148702600007 33.2382888790002,7.77341842700002 33.2168693550001,7.77110290600001 33.1995048520002,7.77920627600008 33.1838760370002,7.78383636500013 33.1653518690001,7.79541254000003 33.1572494510001,7.79714870400016 33.1560745240001,7.79175376900008 33.1375579840002,7.78409290300004 33.123096466,7.78325796100006 33.1149902340001,7.78441524500005 33.1088256830001,7.77898550100002 33.1018028260002,7.78026247000008 33.1049957280002,7.78728485200008 33.088363648,7.80004263000018 33.0730743400001,7.79111528400011 33.056472779,7.79111528400011 33.0443038940001,7.81171846400008 33.0102195740001,7.85792207700013 33.0016365050002,7.8790736200001 33.0135726940001,7.88855600500011 33.0044288630002,7.90596151300002 33.0050163280002,7.92638969500001 33.002117157,7.9401102060001 33.0283775330001,7.960932254 33.0362663270001,7.97425890099998 33.0304794310002,7.99046468799997 33.0363807680002,8.00491237699998 33.0462570180001,8.01455879200012 33.0588417050001,8.01419544200007 33.0774955750001,8.02465629500006 33.080757142,8.04786014500007 33.078838348,8.05380439800012 33.0867004390001,8.06109237699997 33.0834388730001,8.06991291100007 33.0857429510002,8.07509136300007 33.1114425650001,8.07144737300001 33.1185417180001,8.06358909700015 33.1168022160001,8.09996891100019 33.12002182,8.10677814500013 33.1364784230001,8.11228847600017 33.1527404780002,8.11025238100018 33.1633415220001,8.11405467899999 33.16639328,8.12298202500006 33.1728248590001,8.12719535800005 33.1862068180002,8.12355804399999 33.1893577580001,8.13451004000007 33.1839523310001,8.14489173900012 33.183834075,8.16048336000006 33.1769447320002,8.16627502400019 33.1750602710001,8.17994689900013 33.1671257020001,8.18774223400004 33.1658325190001,8.19461822400018 33.1904716490002,8.21060276100013 33.2025985720001,8.23384285000003 33.1982154840001,8.24757766800013 33.1802024850002,8.24808311500016 33.1730461120002,8.26323986 33.1758193970001,8.28385067000005 33.1699867260002,8.29596710300007 33.1950416570002,8.29789447900004 33.2016944890001,8.30602550500009 33.1931686400001,8.32625007700017 33.1920814510001,8.3323946000001 33.21056366,8.33485126500005 33.2164840700001,8.35526371000009 33.1933898930001,8.35121250200012 33.189128876,8.37993907999999 33.1950416570002,8.39176559500004 33.18981552,8.40178775700008 33.1926536560002,8.40689373100014 33.2079734810001,8.40519142200003 33.2164802550001,8.40802669500005 33.2148551940001,8.42673397099998 33.217216492,8.43241882300015 33.2340736390001,8.42278003800016 33.2467880250001,8.43537521400009 33.2485656730001,8.44399070700018 33.2745246890001,8.45262050700012 33.2889213570001,8.436483383 33.295677186,8.43670845100019 33.304485321,8.45354747800013 33.3138847340002,8.45946407200012 33.3204536440001,8.44900798700019 33.33481598,8.44332122800012 33.3495407100002,8.44498348300004 33.360767364,8.44012165100014 33.3669090260001,8.44103145600019 33.372436523,8.43098449800004 33.3805656440002,8.43170166100015 33.3871650700002,8.42510223400006 33.3953704830001,8.42354869900004 33.412620545,8.43966961000012 33.4238052370001,8.44644928000008 33.4374618520001,8.43966579500005 33.458721161,8.44758892099998 33.482746124,8.4566955570001 33.4891395560001,8.46896553000005 33.5109825130002,8.4710063930001 33.524768829,8.46735954200005 33.5619316100002,8.46824836700017 33.5759048470002,8.44731998500009 33.5974235530002,8.44644260400008 33.610294341,8.46147441900013 33.6200370800001,8.46857357100004 33.6490974420001,8.45779895900012 33.6801414490001,8.44064521800004 33.677940368,8.42964935300017 33.6830024730001,8.405929566 33.6919860840001,8.39163494100006 33.6943244940001,8.37942695700002 33.709663392,8.37051486900015 33.732425689,8.36386203699999 33.752296448,8.37327957100013 33.7724571220002,8.36957931500018 33.7994155880001,8.39408493100007 33.8075828560002,8.39449310300012 33.8195114150001,8.4052619950001 33.8262100210001,8.41786956800007 33.8402595520001,8.43084240100012 33.8771820070002,8.43635272900002 33.8749809270001,8.44554615000015 33.8815155030001,8.45919036900011 33.8888702400001,8.46229076500015 33.895584107,8.47680091900008 33.9253158580001,8.48685646100006 33.9354743960002,8.49486064900009 33.9563064570002,8.49240970600005 33.9722175600001,8.49835586500006 33.985305786,8.48873424600009 34.0005187990001,8.49288845100017 34.015018463,8.48685646100006 34.027378083,8.49649429300007 34.0330963130001,8.51037979099999 34.0812988270001,8.54877185900011 34.0964088450002,8.54999733000017 34.12116623,8.57505416900011 34.141555786,8.6100044260001 34.1415748590001,8.65195179000017 34.1896400460002,8.65163230900009 34.2235183710001,8.66976737900012 34.2351760870001,8.68614768999998 34.255733491,8.70263862700011 34.2793884270001,8.70883655500012 34.31242752,8.68209934200007 34.3454704280002,8.60009956500005 34.3574333190001,8.49992847600009 34.3132972710001,8.38992881900009 34.3291893000001,8.38696003000007 34.4363517770001,8.42177391100012 34.522686005,8.47554493100006 34.574272155,8.40347957600017 34.6674270630001,8.39503955800012 34.7287521360001,8.39002227800012 34.767639161,8.36337948000016 34.795070649,8.32690906600004 34.7801847571631,8.28386223731412 34.82642746,8.26193523400008 34.9647903440002,8.24734687800003 34.969874050818,8.28161189084061 34.9755935680002,8.27806854200003 35.0368885714629,8.14949435298403 34.992457630509,8.07690218108936 34.8561277599175,7.99626989466123 34.8622734148336,7.90681899724964 34.8102006171868,7.70492586302713 34.6936271996848,7.51269345362845</coordinates></LinearRing></outerBoundaryIs></Polygon></MultiGeometry>
  </Placemark>
  <Placemark>
	<Style><LineStyle><color>ff0000ff</color></LineStyle><PolyStyle><fill>0</fill></PolyStyle></Style>
	<ExtendedData><SchemaData schemaUrl="#et_regions__zones">
		<SimpleData name="Region/Zon">NNWR</SimpleData>
	</SchemaData></ExtendedData>
      <MultiGeometry><Polygon><outerBoundaryIs><LinearRing><coordinates>38.5110893260001,12.1198301320001 38.5278511040001,12.120038987 38.5458030700001,12.1097078320001 38.5577392570002,12.093372345 38.577644348,12.0794620520001 38.5987243650001,12.0746498120001 38.6124954230001,12.0584859850001 38.616924286,12.047825813 38.6354522710001,12.0313510900002 38.6401023870001,12.0170326240001 38.6337814330001,11.9992275230001 38.63286972,11.9839162830002 38.6315155020001,11.969897271 38.6118431100001,11.9580383300001 38.6001091000001,11.943637848 38.585590362,11.9221315380001 38.5729789740001,11.9022598270001 38.562149049,11.8824148190001 38.5474243160002,11.863992691 38.544891358,11.8454322810001 38.5670852650001,11.8248157500001 38.5650901790002,11.813881875 38.5640029910001,11.806518555 38.5532226560001,11.78879261 38.5585556030001,11.7721252440002 38.570213317,11.7660322180001 38.5770492550001,11.761154175 38.590564728,11.7547130580001 38.6031188960001,11.7445859910002 38.6084671020001,11.722681999 38.6310882570002,11.7033596040001 38.6257591250001,11.6754026410001 38.630203248,11.6281576150002 38.6498069760001,11.593672752 38.6693191530001,11.5892696380002 38.6699943550001,11.582797052 38.6762390150001,11.5726165770001 38.6996421820002,11.5605506890001 38.7138824460002,11.545489311 38.7176895150001,11.527501106 38.705043792,11.5135564800001 38.7050933840002,11.4979486460002 38.702560426,11.467987062 38.7010765090001,11.449151039 38.6971855160001,11.434062957 38.7051925660001,11.4217205040002 38.7001609810002,11.4083757410001 38.6775970460001,11.3972368240001 38.6742744450001,11.3914699560001 38.6550979620001,11.3838043220002 38.642829895,11.3634567260001 38.6343307490001,11.342912674 38.6393737800001,11.331460952 38.6315765370001,11.3182439800001 38.6248474120001,11.2983207710001 38.6121597300001,11.2852563870001 38.605640412,11.2637519840001 38.569496155,11.2265548710001 38.5786132800001,11.2055664070001 38.5752677910001,11.1896982190001 38.5554046630001,11.170625688 38.5453147900001,11.155900002 38.5162734990001,11.1437253950002 38.5122680660001,11.1306314460001 38.4941062930001,11.1127157220001 38.4773063660002,11.0920562740001 38.4663696280001,11.0731105810001 38.4794158940001,11.0561771400001 38.4774551400002,11.0281877530002 38.4464721680001,11.0704584120001 38.424926758,11.0822544090001 38.4091262810002,11.0761089340001 38.3889732360001,11.0809001930002 38.365234374,11.1030826580001 38.3419113160001,11.1065979000002 38.3360252380002,11.1140680320001 38.3156318670001,11.1317968380001 38.2973594660002,11.1464433670002 38.2644310000001,11.142028808 38.2436294560001,11.1504220960001 38.2267990120001,11.1475095750001 38.204589844,11.1377534870001 38.177173614,11.140065193 38.1479148860001,11.1587686550001 38.1067810060002,11.153993606 38.0732231130001,11.1554880140001 38.061866761,11.1638803490001 38.0416030890001,11.1692295070001 38.0123672490001,11.1736593250001 38.0031471250001,11.1844348900001 38.0006866460001,11.1930503840001 37.994609832,11.199024201 37.9749679560001,11.198325158 37.9442558300001,11.191165925 37.9250526420001,11.206951142 37.9076843260001,11.208652497 37.8849601740001,11.213027 37.870979309,11.2167425160001 37.848903656,11.2384386060001 37.8357353220001,11.2462081920001 37.8263130180001,11.254296303 37.820823669,11.254292488 37.8088912970001,11.2546205510001 37.7923698420001,11.2613573070001 37.7816391,11.2670536040002 37.760440826,11.2855319970001 37.7752073998141,11.3391836826096 37.793446816642,11.3776942032843 37.8300483777811,11.4430212960398 37.8567875872366,11.4975815798713 37.8855592940615,11.5289103124666 37.8769485203402,11.5758760712614 37.8507354599867,11.6285047131283 37.8338930310333,11.6666470513532 37.847675646737,11.6911019993748 37.7993474600428,11.6807315540771 37.7497347561121,11.6817931676197 37.7400068783015,11.7106539834595 37.742006567553,11.7495444329736 37.7121858039257,11.7919534767465 37.6497573896425,11.8571699935837 37.5429483927837,11.8739358702622 37.5050888060001,11.8814592370001 37.499279023,11.8905076980001 37.5036849970001,11.896330834 37.5125045780002,11.9030904780001 37.5508499150002,11.9285764700001 37.5573120130002,11.9428749100001 37.5703849800001,11.96742344 37.5730171210001,11.9879140850002 37.5851707460001,12.005569458 37.592430116,12.0300588600002 37.6011505120002,12.0517702100001 37.6122817990001,12.0767202390001 37.618190766,12.102069855 37.5992698670001,12.1288003920001 37.5807991030002,12.157840728 37.575641632,12.1671276100001 37.5593414300001,12.196291924 37.5536384580001,12.2276716230002 37.5331077580001,12.2411527640001 37.5213661190002,12.2541246420001 37.5184707650001,12.2636365900001 37.5107040410001,12.271375656 37.5003242500001,12.2800102230001 37.4980201720001,12.2869405750001 37.4908065790002,12.294393539 37.4803161620002,12.2988042830001 37.4745597850001,12.297849656 37.4629249570002,12.290837288 37.4451026920001,12.2852401730001 37.4261894230002,12.2748184200001 37.4139022830001,12.2800436020001 37.402107238,12.2726974500001 37.3840904230001,12.2776842110002 37.3787612910001,12.266698837 37.37368393,12.2571125020001 37.359493256,12.2591419220001 37.363071441,12.2647209160001 37.3590316770001,12.271731377 37.345500945,12.2752914440002 37.3418693550001,12.2787313450002 37.3390007030001,12.2788400650001 37.32875824,12.2755985260002 37.3155403140001,12.270870209 37.3001480100002,12.2585401540001 37.3057658317853,12.2346652386285 37.3005599970001,12.230570793 37.2927894600001,12.2188901910001 37.2932883493299,12.2022701862192 37.2821998590001,12.200874329 37.2617340100001,12.1961383820001 37.2519645690001,12.1972990040001 37.242412567,12.2074069980001 37.2336351966144,12.2080037717601 37.2233314500002,12.2053422940001 37.2121582040001,12.2065248490002 37.20401001,12.2025680540001 37.2070617680001,12.1910152450001 37.1920738230002,12.1932382590001 37.18780136,12.1922187810001 37.1788406380001,12.198861123 37.175491333,12.2067985540002 37.1754188530001,12.2154207230001 37.1734199520001,12.2258796690001 37.1743392940002,12.2357797630001 37.169948579,12.2434787760002 37.1606292720002,12.2490911490002 37.1623115540001,12.2643404010001 37.1572940340003,12.2695980705133 37.1465606680002,12.2678089140001 37.1239967350001,12.2514009470001 37.1121292120001,12.2447891250002 37.0641632090001,12.2106981270002 37.0522155770001,12.18659401 37.0351943970001,12.1554164890001 37.033416748,12.1176948540001 37.0326194760001,12.086717605 37.0185852060001,12.009752274 37.0161209110001,11.992534637 36.9664369502798,11.9745893927595 36.9734630958159,11.9597219339952 36.9725907432848,11.9454158850167 37.0111007700001,11.9212207800001 37.0029258720002,11.905765533 36.9806938180001,11.89993763 36.963901519,11.9017410270001 36.9575386050001,11.892431259 36.9391288750001,11.8705329900001 36.9137306220001,11.8564367290001 36.8881950380001,11.8528909680001 36.8664741510001,11.83825016 36.8537979120002,11.7938222880002 36.855384826,11.778233528 36.8762474060001,11.7544193270001 36.8352088930002,11.729049683 36.8085441590001,11.6961183550001 36.7599678050001,11.6782760630001 36.7074699400001,11.6845436100001 36.6841583250001,11.6575498570001 36.662349701,11.6950130470001 36.6608314520001,11.7260341640001 36.6271095270002,11.7226066580001 36.5866088860001,11.772162438 36.5977325450001,11.8160953520001 36.5998878480002,11.8812084200001 36.6056556710002,11.9060525890002 36.4838540657451,11.9427999629098 36.4319600210832,11.9495687513439 36.3754187964082,12.0219563726465 36.3884239200002,12.0254964840001 36.331344801338,12.0099590356549 36.2331314080001,12.0058135990001 36.1404609680002,12.008113862 36.0864944460002,12.024625778 36.007518768,12.0105609890001 35.9712677000002,12.0036325470001 35.9545746244454,11.9641657784644 35.93938446,11.970210076 35.9364585880001,11.920758248 35.8744239810002,11.8859367370001 35.8601570130001,11.849909783 35.8229904170001,11.8268661510002 35.8036651610001,11.8380165110001 35.7055435180002,11.82240677 35.6943931580001,11.8313264850001 35.6665954580001,11.8259096140002 35.644908904,11.7814483650002 35.5765876770001,11.76735115 35.5169448850002,11.7180109030001 35.4732971200002,11.7361755370001 35.4152832040001,11.732650756 35.3946800230001,11.746206284 35.3637733450001,11.7529840470001 35.3374443060001,11.773028373 35.3257141120001,11.7944831860001 35.3136634820001,11.7922334680002 35.303268433,11.8028087610001 35.295932769,11.79915142 35.2846984870001,11.8465032590001 35.2873497010001,11.870111465 35.257712745025,11.9329544872203 35.275348664,11.9400281910001 35.3024024970001,12.0155143740001 35.3136634820001,12.0140905390001 35.3356971740001,12.018809318 35.3415527340002,12.052344322 35.3318672180001,12.066742897 35.370583372457,12.1376823222624 35.4000968930001,12.1847648620002 35.4181289670001,12.1840000160001 35.4415168760002,12.204969406 35.4339714050001,12.233470917 35.5191220909735,12.3799705233336 35.6467323300001,12.603905678 35.6713829040001,12.602592469 35.685207367,12.6486797330002 35.710105896,12.6690368650002 35.7361869810002,12.6591434480001 35.7616996770001,12.6689386370001 35.8427228862471,12.674992499311 36.0015945430001,12.7081785210001 36.0223083490001,12.718564988 36.0405311580002,12.719453812 36.0818595890001,12.7155237200001 36.107952117,12.6858673110001 36.1517181400001,12.6825418470001 36.1649589530001,12.728683472 36.1764297480001,12.78386116 36.1790313720001,12.895662309 36.161090852,12.915706636 36.1530494700001,12.9333658210002 36.1528129570002,12.940425874 36.1490489116446,12.948757289069 36.157157898,12.9629430770001 36.1603584300001,12.9690971380001 36.167808532,12.9786453250001 36.2161140450001,13.1357965470001 36.1636762711668,13.2023939314725 36.1394214459444,13.2210080996665 36.1693169281953,13.2322894137234 36.2099296588002,13.2604926988657 36.2583061401665,13.2876378929055 36.2763214110001,13.3592443470001 36.3149795530002,13.435072898 36.321050602261,13.4646844832962 36.3209095858353,13.4717353045818 36.3257041443095,13.4738505509675 36.3331780148722,13.4796322244216 36.34356308,13.4874639510001 36.3575515750001,13.512432098 36.3743858340002,13.5345792780001 36.3777465820001,13.5378255850001 36.4010276800001,13.6353836070001 36.4417762750001,13.7493543630001 36.4983177190001,13.8455543530001 36.462810516,13.9709672920001 36.4771557855238,14.1312691276351 36.4748995227124,14.1504473615319 36.4867449024722,14.1631388398459 36.5701827990001,14.2848157890001 36.6512451180001,14.304477693 36.6784439090001,14.2973747250001 36.7084227236909,14.3041552655576 36.7403221140001,14.3166122440001 36.7817512650609,14.3143084482088 36.8248901370001,14.3137092600001 36.8322105400001,14.3068666470001 36.8406639090001,14.3087453850001 36.8485717770002,14.316329003 36.8632621770001,14.3178195950001 36.8781623840001,14.310939788 36.8945961010001,14.3108358380002 36.9002723690001,14.304748535 36.9264717100001,14.297180176 36.943725586,14.289097787 36.962585449,14.2898845670001 36.9814338680002,14.27449131 36.986415863,14.263108254 36.997100829,14.257866859 37.0020103450001,14.2530632010001 37.0175170910001,14.2505922330001 37.0327568050002,14.2582998290001 37.0380249020001,14.264247895 37.0497703550001,14.2661104200001 37.057029725,14.2624425880002 37.0651435850001,14.2619256990001 37.0715370170001,14.2666215890002 37.0819854740001,14.267172814 37.0937538160001,14.2716751110001 37.0960426330001,14.282456398 37.1033859250001,14.2907676700001 37.1027679430001,14.306584359 37.1046600340001,14.3208208090001 37.0995559700002,14.333268167 37.1083984370002,14.3561468140001 37.1134681700001,14.3612499230001 37.1138496400001,14.3672122950002 37.1221046440001,14.379527092 37.1259422290001,14.3933534620001 37.1338424690001,14.4054203030001 37.141479492,14.4062604900001 37.1569366460002,14.4157514570001 37.1641693110001,14.4172563550001 37.1796989430002,14.414514542 37.1999282840002,14.4247894280002 37.2738340749547,14.3496274335668 37.3573320022013,14.2462884146973 37.5375552511097,14.1032672125819 37.7450600009997,13.8916289019371 37.8244243674915,13.7825028980109 37.8440279999467,13.5479546826788 37.849994669291,13.4711653859483 37.8751487740001,13.4677057270001 37.9041020000001,13.447049 37.946487,13.4664150000002 37.9625053400001,13.4896116260001 37.9864460000001,13.498306 38.0019663967437,13.4966247037198 38.0149190000001,13.4865160000001 38.020226798,13.481711575 38.0298500000001,13.4827570000001 38.0456047240002,13.480111086 38.0519940000001,13.4679330000001 38.0659140000001,13.4712030000002 38.070694,13.476392 38.0878601070001,13.485980034 38.1033670000002,13.4901180000001 38.1051904203646,13.5011372293426 38.1059198548921,13.5113413124973 38.107446683176,13.5186232661308 38.1141869764016,13.5146481611011 38.1283171141813,13.5050856892625 38.136778099724,13.492112178097 38.1435468881582,13.4802667983372 38.1551970000001,13.4765360000002 38.1585160010002,13.4828490000001 38.18845,13.484362 38.2008970000002,13.4801390000001 38.213216,13.4873600000001 38.2273254390001,13.4892148980001 38.2406670000001,13.4957920000001 38.2591440000001,13.4862030000002 38.2676734920001,13.4878015520001 38.3159910000001,13.5005700000002 38.3230347250001,13.5095901310001 38.3200420000001,13.52385 38.3411980000001,13.5376420000001 38.3489828140001,13.5421485000001 38.3599509990001,13.5530039990001 38.3798307480002,13.5444829540002 38.3912350000002,13.5533550000001 38.3992959060001,13.5454850920001 38.4145360000001,13.5489370000001 38.4238010010001,13.5613010010002 38.45361553,13.5569478160002 38.4652139820001,13.567644979 38.4734725960002,13.5572538380001 38.4898530000002,13.558011999 38.5155183522004,13.5557843910949 38.5506896970001,13.5378971110001 38.6140440000001,13.4906860000002 38.6481820000001,13.4813779990001 38.7124883024237,13.502065702584 38.6649414724423,13.486769616696 38.663218606,13.4845640940001 38.673768648834,13.4256934415868 38.7056850000001,13.3892980000001 38.733253479,13.3841466910001 38.7372436530001,13.3776988990001 38.733661651,13.349765778 38.7369308470002,13.3303127290001 38.7381553640001,13.3123426440002 38.7386016286081,13.3063867482411 38.7003250110001,13.289825439 38.6260032660002,13.268004417 38.5821826375922,13.2659268249561 38.536762237,13.187872887 38.5049629210001,13.1274452210001 38.4906463630002,13.1022310260001 38.4542045600001,13.066959381 38.428234101,13.0365848550002 38.3968828969492,12.9727839363076 38.3831787100001,12.9328088770001 38.3488922110001,12.8749008190001 38.3526458740001,12.835898399 38.3429565430002,12.811517716 38.3385276800001,12.7558174140001 38.3541412340001,12.7580146790001 38.3783226020001,12.744960785 38.4138374340001,12.7442417140002 38.437469482,12.7399244310001 38.449199676,12.6987581250002 38.4520721430001,12.6850528730002 38.4557991030001,12.6638364790001 38.467384338,12.648075105 38.4721603390001,12.6202030190001 38.4636116040002,12.594464303 38.4339561470001,12.567994118 38.4232101430002,12.5437946330001 38.422382354,12.5220756530001 38.4268379210001,12.4858169560002 38.4286575310001,12.451712609 38.4350166320002,12.42107296 38.4467926030001,12.396012306 38.4746894830001,12.3664855950001 38.484653472,12.3334579470001 38.4710693360001,12.2964630130002 38.454883575,12.25791645 38.4475975030001,12.2206363680001 38.465812682,12.1949186330002 38.47934485075,12.1421331674209 38.4837265010001,12.126804351 38.494533538,12.119988442 38.5057220470002,12.1122922910001 38.5110893260001,12.1198301320001</coordinates></LinearRing></outerBoundaryIs></Polygon></MultiGeometry>
  </Placemark>
  <Placemark>
	<Style><LineStyle><color>ff0000ff</color></LineStyle><PolyStyle><fill>0</fill></PolyStyle></Style>
	<ExtendedData><SchemaData schemaUrl="#et_regions__zones">
		<SimpleData name="Region/Zon">CWR</SimpleData>
	</SchemaData></ExtendedData>
      <MultiGeometry><Polygon><outerBoundaryIs><LinearRing><coordinates>37.4090801882204,8.36221574694198 37.374534608,8.40846538500011 37.3562736520001,8.45079517400018 37.3238830570002,8.49419498500009 37.2989330753578,8.53458541943008 37.261856078,8.58516502500004 37.2153663640001,8.59372520400012 37.1807136530001,8.64857578400006 37.178993225,8.66747570000013 37.1652832030001,8.67685604100012 37.141624451,8.6817960730001 37.136463165,8.69421577500009 37.1440238960001,8.71040535100008 37.1590156560001,8.72410583600009 37.1950531,8.74483585400003 37.2250442500001,8.77014541599999 37.2216453560001,8.8012657160001 37.205486297,8.83807563900007 37.2095756530002,8.85562515300018 37.2007141110001,8.86618518800003 37.1870155330001,8.87210559800013 37.1838951120001,8.89376545100004 37.1773338320001,8.90826606800016 37.143863679,8.92745590200002 37.2060347092316,8.97959265000299 37.2207246360433,9.02286903331732 37.2283095075606,9.07056274658971 37.2282891060777,9.1091928484415 37.2470855710001,9.17108535800008 37.2900062931311,9.17170040915377 37.313007355,9.15688514800007 37.337295533,9.17014503400009 37.4246482840001,9.25216484000003 37.474235535,9.29587459600015 37.5160179130002,9.32148456600009 37.541976929,9.32574462800017 37.5765266410002,9.32818508200012 37.5987663280001,9.33426475500016 37.6246871950001,9.35210514100015 37.6492996210001,9.36988449099999 37.6604080190002,9.39302921300009 37.6396179200001,9.48769473999999 37.6279182440002,9.52407455400004 37.6201591500002,9.56161499100011 37.6246376030001,9.62248420800006 37.6252784730002,9.64484500800012 37.6216773990001,9.68885421800007 37.6276588440001,9.71123504700012 37.6500701900002,9.75855445900009 37.6465377810001,9.78090476900019 37.648059845,9.82631492700006 37.6710968020002,9.8543720240001 37.6744956970001,9.86191558800004 37.680393218,9.86231803900006 37.6945648190001,9.84270286500015 37.7006530770001,9.83671474400018 37.7106590260001,9.84261417300007 37.7170066830001,9.84255600000012 37.730697632,9.84485912299999 37.7360038760002,9.84079456300014 37.7428932190001,9.8406620020001 37.748229981,9.84666442800005 37.7485313410001,9.85593891200006 37.7539558400001,9.85707664600005 37.7609672540001,9.85192966500006 37.769088744,9.85144138400011 37.774593354,9.85650253400019 37.7818908690002,9.8572521210001 37.7880859370001,9.85962772300019 37.8005828850001,9.86182403600009 37.8069915780002,9.86529064300015 37.8160209660002,9.86715030800008 37.8232536320001,9.87389087600002 37.8300310750002,9.88378002200005 37.8364143370001,9.88789177000012 37.8426818850001,9.89670276700002 37.848415001,9.89757799900013 37.852811999,9.89662121500004 37.8592224130002,9.90022087000006 37.8587610010002,9.90582799999999 37.8603900000001,9.91278799999998 37.864463819,9.91286192900014 37.8699340000001,9.90753400100004 37.8744620660001,9.91116423400013 37.875927,9.91630599900003 37.8805336020002,9.92167754299999 37.9013899990002,9.93037400000003 37.909324999,9.93044899900013 37.9219974960001,9.91595917300009 37.9300729990001,9.91458699900005 37.9350779990001,9.91898599900009 37.9907712650001,9.8656484490001 38.0239295960002,9.84472370200007 38.0404205490001,9.83116337100012 38.0533907770002,9.79729374100015 38.0645477730001,9.74043879300007 38.114871979,9.64610385999998 38.116344727569,9.64544288338779 38.1381608570002,9.6356517000001 38.1883735660001,9.67409324599998 38.2762832630001,9.67146301300005 38.3324127210001,9.6487331400001 38.3866729740002,9.60643291600013 38.449962617,9.60051250600003 38.5215835580001,9.56374263800001 38.5378150940002,9.54120254400004 38.5491638180002,9.51589298300019 38.6026840210001,9.48186206800005 38.6089324960001,9.46277236899999 38.5999031080001,9.44596290599998 38.5772018440002,9.43098258900017 38.5628433240001,9.41577243900002 38.5516457791637,9.37217693392592 38.5489616390001,9.33589267800011 38.533924103,9.30181312600013 38.514720916,9.26449298800009 38.5168228150001,9.24263286600006 38.5279541010001,9.2177829740001 38.55203247,9.20907306600014 38.5953330990001,9.18242263700017 38.6233444210002,9.17256260000011 38.6274468663367,9.17417021590898 38.6392054837375,9.17417021590898 38.6501922620001,9.17466259100007 38.6848068240001,9.17570400200015 38.7089729310001,9.17334270399999 38.7092018120001,9.15631198900013 38.6930122380002,9.14180278800001 38.6795921320002,9.13120269700005 38.6735839850002,9.12084293400005 38.6783294680001,9.10450267800002 38.6831395378645,9.09656572360964 38.6577080756551,9.09550869611888 38.6546307342812,9.09407737454963 38.6494779766319,9.09035593846957 38.6395302917255,9.07883379983707 38.6365960825086,9.07346634395237 38.6363336735542,9.0668822647338 38.6379081272804,9.06130011061371 38.6425599223804,9.05142399178586 38.6425599223804,9.03367560432711 38.6349739180634,9.01621348118221 38.632981893156,8.9981258950233 38.6308224099544,8.97328542522304 38.6321402038698,8.96542239281395 38.63187272133,8.94192789173792 38.6375858323119,8.92957645178691 38.641414865125,8.92208023264426 38.6465894667046,8.91545729838295 38.6517463555807,8.91170934957364 38.6524837519273,8.8989882446603 38.6648885388608,8.87494204229683 38.6753848970353,8.87207939915832 38.6881713697207,8.85700281196218 38.7263218817409,8.82964320200561 38.7326257566187,8.8240968565062 38.7502907258263,8.81663954370921 38.7560167379646,8.81545516048726 38.7537536620001,8.81259250700015 38.7344136246201,8.80317957417543 38.739681243,8.77092266200003 38.735782623,8.74330234500007 38.736721039,8.72351265000003 38.741363526,8.70258236000018 38.7480812070002,8.68119239700007 38.7506408690002,8.66049289700015 38.7476615910001,8.64023208600003 38.7268829350002,8.62501239700009 38.7169532780001,8.61303234100006 38.7223014830001,8.58312225399999 38.728790283,8.56887245200011 38.7463531500001,8.56384277300009 38.7604522710002,8.55351257400002 38.7626953130002,8.53542613900004 38.7533607490001,8.49275207500006 38.7546099751103,8.46030038639666 38.7594223030001,8.4499626170001 38.7617607120002,8.42765235900015 38.7610931390001,8.41200256300004 38.7569174810336,8.40300467545225 38.7355003370001,8.38272285400012 38.7043724060001,8.35274219600018 38.6873207090001,8.33037281100002 38.6660232540002,8.32696056300017 38.6616439810001,8.37601566400008 38.639640808,8.41209793000002 38.6066886229112,8.43902306461218 38.5908813480001,8.42601871500017 38.5656738290002,8.44827938100008 38.5268440240001,8.45761966800012 38.5014534000001,8.44396877400004 38.4682884210002,8.43500518900009 38.4478034980002,8.36536598300012 38.461776346172,8.34623756570665 38.461776346172,8.32607993587672 38.4554770868501,8.31348141723301 38.430210114,8.29875087900001 38.4216346740001,8.28902244600005 38.3824043280001,8.27347183199998 38.3754959100002,8.26593685100016 38.347343445,8.25424099000008 38.3070335390001,8.2996931080001 38.3078727710001,8.32986450199996 38.311466217,8.36994648000012 38.289253236,8.38069629600011 38.282043458,8.39955711500005 38.2383346550001,8.40930748000005 38.2175445560001,8.40877818999996 38.180030823,8.39286708900005 38.1641807550001,8.40805053800017 38.1389541630001,8.40941810700008 38.122547149,8.40658760200012 38.110000611,8.39036846199997 38.0865364070002,8.39009761900002 38.0770950320001,8.38061714200018 38.06670761,8.37596702700006 38.0389251710002,8.38921737800013 38.0280418390001,8.39028263100005 37.98816681,8.35952568100004 37.9483757030001,8.36741638200004 37.927986145,8.37816715300005 37.9099884040001,8.37048626000018 37.8876266480002,8.34987545000013 37.862945557,8.33570480300011 37.8162574770001,8.33180523000016 37.7425880420001,8.34905529100007 37.717048645,8.33409500200008 37.704547882,8.33703518000016 37.6787071240001,8.37770748100019 37.666061401,8.38353729200003 37.611968994,8.35408592199997 37.5980377190001,8.36531639100008 37.5760803220001,8.41406917500018 37.5579795840001,8.42550945300013 37.5349349970001,8.42359161400015 37.5131477670137,8.43223309484732 37.5122108470001,8.41696929900013 37.498569488,8.40361881300004 37.471382141,8.350707054 37.463386536,8.31169319300011 37.449264527,8.31458473300006 37.4090801882204,8.36221574694198</coordinates></LinearRing></outerBoundaryIs></Polygon></MultiGeometry>
  </Placemark>
  <Placemark>
	<Style><LineStyle><color>ff0000ff</color></LineStyle><PolyStyle><fill>0</fill></PolyStyle></Style>
	<ExtendedData><SchemaData schemaUrl="#et_regions__zones">
		<SimpleData name="Region/Zon">NAAZ</SimpleData>
	</SchemaData></ExtendedData>
      <MultiGeometry><Polygon><outerBoundaryIs><LinearRing><coordinates>38.758259032012,8.97803390572063 38.7560967801511,8.97803390572063 38.7545926049435,8.9792560480768 38.7541225501911,8.98217038754151 38.7530884297359,8.984050606551 38.7523363421321,8.98499071605574 38.7500800793207,8.98489670510527 38.7486699150636,8.98536675985764 38.7479178274598,8.98799906647092 38.7474477727074,8.98931521977757 38.7474477727074,8.991383460688 38.7481606952517,8.99315569992978 38.7490631562036,8.99768995828129 38.7477298055589,9.00050252288402 38.7460376084503,9.00153664333924 38.7459435974999,9.00219471999256 38.7465076632027,9.00398092805158 38.747165739856,9.00539109230869 38.7469777179551,9.00642521276391 38.7459435974999,9.00783537702103 38.7457555755989,9.01093773838668 38.7460376084503,9.01422812165329 38.7462588646913,9.01757579284262 38.745412766137,9.01813985854547 38.7450367223351,9.0194560118521 38.7446606785332,9.02105419801016 38.7435325471276,9.02208831846537 38.7423104047714,9.02312243892058 38.7407230952142,9.02422248005827 38.7417463390685,9.02669485503859 38.7426864485733,9.02777598096904 38.7437975261896,9.03112830616947 38.7452247442361,9.03134839708705 38.7459768318399,9.03120738066133 38.7471519687208,9.03007924925565 38.7485993271237,9.02951328895812 38.7495022424826,9.03007924925565 38.7518995217197,9.0307843313842 38.753117862044,9.031218657492 38.7537508169646,9.03019822433763 38.7559643710598,9.02842313844855 38.7570231185205,9.02791699739475 38.7577752061243,9.02796400286999 38.7583392718272,9.02838705214712 38.7585742992034,9.0293741671271 38.7585742992034,9.03022026568136 38.7576443386997,9.03199035964399 38.7578741085752,9.03343470921558 38.755829663772,9.03712247357588 38.7565060582929,9.03868125122401 38.757117129471,9.04056147023349 38.7575720265033,9.04076319431356 38.7575720265033,9.04076319431356 38.7566578856121,9.04198920763692 38.7567915134025,9.04450857322662 38.7545524479005,9.04702033819156 38.7570692466452,9.05222809086519 38.7556950316286,9.05571787413322 38.7539413714243,9.05648330335628 38.7532682637478,9.05801753715229 38.753390508432,9.05994093707977 38.7555090917454,9.06253224786505 38.7551124846269,9.06415488543965 38.7563338132275,9.06740713222051 38.7558690308062,9.06894651819603 38.7532100499097,9.07061311865339 38.7534710160714,9.07288319695978 38.7556739493584,9.07638672202962 38.7526453256753,9.08030755134526 38.7512414450664,9.0781188449478 38.7493612260569,9.07793082304686 38.7471001960243,9.07603520506179 38.7396994593135,9.07640964430576 38.7348908587052,9.07718327491277 38.7337965033644,9.08607970267271 38.7325581983701,9.08821966661849 38.7309826756488,9.09866514244311 38.7415119535349,9.09829977317893 38.7615504555045,9.11060913867451 38.7781537857078,9.11397274436226 38.8043469704252,9.11397274436226 38.8325067445009,9.10972027189097 38.8512455634859,9.10836622479113 38.8468932878696,9.10868071559126 38.8466625597973,9.10660416294139 38.8447823407879,9.09945933070538 38.8432781655803,9.08742592904472 38.8519051330294,9.0769407724313 38.8579438738542,9.06523934473288 38.8649006841893,9.05395803067602 38.8699534943728,9.04827623499214 38.8686611222082,9.04173660711441 38.8679090346044,9.03872825669925 38.8693943851077,9.03593973410509 38.8632683997128,9.03959539543381 38.8527127579905,9.03792743947575 38.8539640494108,9.03319794297748 38.8529620115306,9.02976021965248 38.8535253229172,9.02757613209947 38.8525152054372,9.02423075902248 38.8490878223096,9.02086001684736 38.8421500341746,9.02180628561394 38.8341894583335,9.02309274950721 38.8298095257275,9.02310649860786 38.8269202601978,9.01926798995114 38.8213559841252,9.01658708468302 38.8163593003827,9.01605905462436 38.816271454844,9.02060276278132 38.8147394614537,9.02217251243939 38.8097709803897,9.02072258945628 38.80927341896,9.01997490489058 38.8077302902519,9.02012800269942 38.8051454077092,9.02199317801705 38.8030246476402,9.02048977400323 38.8029595484556,9.01830329052114 38.7990246388492,9.01895467066422 38.7967427450957,9.01672969428835 38.7955206027395,9.0165416723874 38.7941845301439,9.01851684444364 38.7941845301439,9.01851684444363 38.7941210077914,9.01861075219687 38.7925746768491,9.01794850383469 38.7918863253928,9.01460485999645 38.7888949362373,9.01805550477093 38.7879944079663,9.01796013158586 38.7877384189469,9.01567531767576 38.7848755923816,9.01375227249149 38.7845844064311,9.01271910674833 38.7772656239009,9.01222614660083 38.776628839487,9.01218325567774 38.7754962702886,9.00761063209238 38.7738980841305,9.00450827072674 38.7736160512791,9.00084184365826 38.7744621498334,8.99717541658978 38.7735220403286,8.99426107712509 38.7729579746258,8.9913467376604 38.7720583219981,8.99060430975245 38.7703256680125,8.98852640914618 38.7708897337153,8.98674020108718 38.7721217708942,8.98467528576352 38.7735053746902,8.98349022794766 38.7671751692456,8.98029894447612 38.7615494152786,8.97897401522538 38.758259032012,8.97803390572063</coordinates></LinearRing></outerBoundaryIs></Polygon></MultiGeometry>
  </Placemark>
  <Placemark>
	<Style><LineStyle><color>ff0000ff</color></LineStyle><PolyStyle><fill>0</fill></PolyStyle></Style>
	<ExtendedData><SchemaData schemaUrl="#et_regions__zones">
		<SimpleData name="Region/Zon">SWR</SimpleData>
	</SchemaData></ExtendedData>
      <MultiGeometry><Polygon><outerBoundaryIs><LinearRing><coordinates>35.499481202,5.41622018800012 35.4411773670001,5.38326311100019 35.3873596180001,5.35612201700002 35.3593444830001,5.34728145500009 35.334659576,5.33271503500009 35.3080673220002,5.32948970900003 35.2933616630001,5.35343694599999 35.2855720510001,5.37586879700018 35.2871284490001,5.40236139400008 35.2905426030001,5.42526340400013 35.3042526240002,5.45768117900019 35.3040847780002,5.47631788200005 35.300235748,5.49630975800005 35.2701034540002,5.51877164900003 35.1907424920001,5.57220649700008 35.126163483,5.61518049300003 35.1248664850002,5.68270397300012 35.058734894,5.79609680100015 35.000076295,5.88279962600006 34.9908905020002,5.89537572900008 34.9972648610001,5.9245285990001 34.9868049630001,5.94531011600014 34.9910964970001,5.97020244700013 34.9949378970002,5.97538280500015 35.0019569410001,6.00263071200015 34.9926033020001,6.01849699000007 34.992774963,6.04210901200008 34.9872474670001,6.06754112300018 34.965377807,6.09015321800013 34.9574356070001,6.12726688500004 34.9689559940001,6.1543893810001 34.9660186770001,6.20093345700008 34.9489669800001,6.25200796200011 34.9511260990001,6.26783943200013 34.9849700920001,6.29880380800012 34.9861891164748,6.33509230366424 34.986507417,6.38637876600012 34.9983215330001,6.39511776100017 35.0035743720002,6.41461420200011 35.0137825020001,6.44495821100014 35.0065841680002,6.46427345400002 34.9842300420001,6.48921156000017 34.956050872,6.50375986200004 34.9544677730001,6.5184097290001 34.9406318670001,6.54428291300019 34.9201774590001,6.55665063800001 34.9052848810001,6.571300984 34.8845596320001,6.57703924300006 34.8888320920001,6.59627723700004 34.85623932,6.60782384800018 34.8444938670002,6.59886360100018 34.8056526190001,6.59961509600009 34.788497926,6.58362340900004 34.7557594463127,6.60844674372466 34.7303428660001,6.6481103910001 34.7154312140001,6.664226531 34.7077636720001,6.69664955100006 34.6811256420001,6.70232248400004 34.6290092470002,6.74911355900008 34.6129112250001,6.73272609800017 34.5611495970002,6.73964071300003 34.5358734130001,6.75816106799999 34.5306587210001,6.84271431000013 34.4779548640001,6.90826797400018 34.4099540700001,6.95229196500003 34.3832511910001,6.96384143800003 34.322586059,6.97357606899999 34.2556266780002,7.02161169100009 34.2320518490001,7.0154685980001 34.2154884350001,7.04629182900004 34.1932411200001,7.05491781299997 34.1923828120001,7.13755178600007 34.1655883790001,7.15645551700015 34.14490509,7.15623760200015 34.128452301,7.17524624000015 34.099063874,7.17944431400008 34.076496124,7.21014833500004 34.0439376840002,7.22124576500005 34.0210130595226,7.26250519236739 34.265313148237,7.33602689336548 34.4289350069066,7.39693353892376 34.5276475968381,7.44010429084817 34.5471808549501,7.44864692396934 34.5471808549501,7.44864692396934 34.6936271996848,7.51269345362845 34.8102006171868,7.70492586302713 34.8622734148336,7.90681899724964 34.8561277599175,7.99626989466123 34.992457630509,8.07690218108936 35.0368885714629,8.14949435298403 34.9755935680002,8.27806854200003 34.969874050818,8.28161189084061 34.971771241,8.29439926200013 34.95759201,8.35327911400003 34.9921607970001,8.445261002 35.0340843210001,8.48093891100018 35.0981140140001,8.47637844200005 35.1665916450002,8.47935867400008 35.1898422250001,8.49710845900006 35.1901550300001,8.53958892900005 35.1267738350001,8.57101917200009 35.1053428650002,8.6118392950001 35.1425933830001,8.64668846100017 35.1850852970002,8.69759845800013 35.206363679,8.72798919700011 35.223815917,8.72299861900001 35.2676162720001,8.7185888300001 35.3582763680001,8.71217823100005 35.4043235780001,8.77106857400003 35.444854737,8.77464866700018 35.4823646550001,8.72201824300009 35.522186279,8.69736862299999 35.5689468390001,8.67402839700009 35.611396789,8.66082859100004 35.638717651,8.66358852500014 35.6655769350001,8.6936683670001 35.706436157,8.71008777599997 35.7307167050002,8.70964813300014 35.7452087390002,8.70033836400012 35.7681083670001,8.67535781900011 35.8355369570002,8.66421794900015 35.8588027950001,8.66596412600012 35.8695793150001,8.69305801300004 35.9067687990001,8.71315765500009 35.9047164910002,8.741177558 35.88922882,8.76701736400003 35.8818588250002,8.79485797900003 35.928478242,8.8320674900001 35.9648475640001,8.88474750600005 35.981597901,8.89422798200019 35.9985771190001,8.89201736400008 36.0085983290001,8.91019344300003 36.0118217470002,8.93669605300011 36.036373138,8.97156333900006 36.0396270750001,9.00940990500015 36.0639419550001,9.01990795200004 36.0865440360002,9.01261711200004 36.09697342,9.03241443700017 36.1286849980002,9.05111694400017 36.1314277650002,9.0207881930001 36.1565132150001,9.00645923600018 36.1742935180001,8.97942257000011 36.2221336370001,8.95019436000007 36.2617721550001,8.92347431300004 36.2857513430001,8.87016678000009 36.3191604610001,8.83764743900002 36.3368988030001,8.78930664100011 36.3526916500001,8.76000690500001 36.385528564,8.70265674600012 36.4123001110001,8.65531730700019 36.4403686510001,8.61974716300017 36.4819717410001,8.60322666100018 36.5061416630001,8.59348678500004 36.5343627930001,8.56899643000008 36.5483703620001,8.55364704100009 36.583560944,8.55690670100012 36.6033096310001,8.55013656600016 36.6223411560001,8.51103687400013 36.654155732,8.51468181700017 36.6988334650002,8.53998661000003 36.7256431590001,8.54964637800009 36.759342193,8.56972599100015 36.7945137010001,8.61404609599998 36.8450317380002,8.65061664700011 36.8706817630001,8.65488338500018 36.9439430230001,8.65427589400008 36.9691463651448,8.65793690180454 37.0047225960001,8.68072605100002 37.013183593,8.70108604400002 37.0171241750001,8.74263572700016 37.045772552,8.80186557700006 37.0640029920001,8.81696605700017 37.113506317,8.835475922 37.1526031490002,8.84838581200006 37.1870155330001,8.87210559800013 37.2007141110001,8.86618518800003 37.2095756530002,8.85562515300018 37.205486297,8.83807563900007 37.2216453560001,8.8012657160001 37.2250442500001,8.77014541599999 37.1950531,8.74483585400003 37.1590156560001,8.72410583600009 37.1440238960001,8.71040535100008 37.136463165,8.69421577500009 37.141624451,8.6817960730001 37.1652832030001,8.67685604100012 37.178993225,8.66747570000013 37.1807136530001,8.64857578400006 37.2153663640001,8.59372520400012 37.261856078,8.58516502500004 37.2989330753578,8.53458541943008 37.3238830570002,8.49419498500009 37.3562736520001,8.45079517400018 37.374534608,8.40846538500011 37.4090801882204,8.36221574694198 37.449264527,8.31458473300006 37.463386536,8.31169319300011 37.4658257382464,8.32359506876709 37.4640846240001,8.28242111100019 37.4881742930001,8.252365838 37.5368589706407,8.22823781884304 37.573579393,8.22489592199997 37.6216812140001,8.20903396700004 37.6238861080001,8.20004367800004 37.6057624810001,8.15039920699996 37.592136382,8.09313392600018 37.5999221800001,8.01987743400002 37.6028289450001,7.96485798000015 37.5994529720001,7.89725685200017 37.582344056,7.84231615100015 37.564323426,7.77311992600011 37.5480155950002,7.7259955400001 37.5476837160002,7.70115327800011 37.54333496,7.68419170400017 37.5223121650001,7.64543914800009 37.4983444220001,7.60834073900003 37.4451026920001,7.56431674900006 37.4386558530001,7.54613542700014 37.407218932,7.49218034800009 37.3938520773807,7.44330098721217 37.390285491,7.40242242800008 37.3797340390001,7.38000059200016 37.3565902720002,7.36093187300008 37.3311576850001,7.3497085570001 37.3003080764517,7.33936320840215 37.2622680670001,7.3254303920001 37.2378311150002,7.31205988000016 37.2005691530002,7.28216076000007 37.1979644161511,7.27963137426799 37.182750701,7.26485776900006 37.15417862,7.24066639000011 37.1285896310001,7.228446007 37.1048316950001,7.22449588800015 37.0395126340001,7.24001646000016 37.0032920840001,7.23443651300011 36.964645386,7.22473287600019 36.9323043830001,7.22011614000013 36.8986129770001,7.22119617500005 36.8667640690002,7.21925592399998 36.8575134280001,7.19347333900004 36.8526344300002,7.16745138200002 36.8523559570002,7.13935852100008 36.831565857,7.09009409000004 36.8192253120001,7.07478284900014 36.815624238,7.05233097000013 36.816726685,7.02031803200009 36.7918243400001,6.98439455100004 36.7861442560001,6.96804428100006 36.7627754210001,6.93650055000006 36.7620658880001,6.92267894700018 36.7502975470001,6.890436174 36.724949478145,6.86455653701999 36.709976197,6.83332109500003 36.7046585080001,6.80429840000005 36.695667267,6.78610706300009 36.6836776730001,6.7550039300001 36.67950821,6.71930074699998 36.6844406130002,6.70099401400006 36.676036834,6.68359756400008 36.6534690870001,6.65065479300011 36.6051597600001,6.62668228200016 36.5504112250002,6.58034849100017 36.4873924250001,6.53077364000018 36.3712539670001,6.45163679200004 36.3349227900001,6.45850706100015 36.312393189,6.44880628700002 36.2919349680001,6.42182397800013 36.2553749080001,6.39435148300015 36.2277870170001,6.3924612990001 36.1891365060001,6.42191410100003 36.164295197,6.42924451800019 36.119918823,6.41604328200003 36.0785484320002,6.37724971900019 36.0576362610001,6.35116767900007 36.0376586910001,6.31886434500018 36.0344772340002,6.2794408800001 36.0032272340001,6.25609874700012 35.9703407290001,6.23751735600018 35.9641036990001,6.21367836100012 35.9748382570001,6.16922092500016 35.934921264,6.12706709000014 35.9444338806984,6.10764023843359 35.9018348725058,6.06969961101806 35.902694775239,6.05987087780279 35.978224779371,6.02455030645534 35.9930076610001,5.99843549800016 35.9959487910001,5.97186946800014 35.9667472850002,5.94652700500018 35.9766845710001,5.91720199600007 35.9615402210001,5.87654781400005 35.952274322,5.78136539600007 35.9678154000002,5.74787235400015 35.9554100040001,5.71702814100007 35.954265595,5.66945552900017 35.9369201650001,5.65436935500014 35.8774366302219,5.66171296951854 35.8440589910001,5.67048597300015 35.793994903,5.65929412800006 35.7463569650002,5.60444831800015 35.738769532,5.56045627700007 35.7404060360001,5.36968660300005 35.6556968690001,5.38095951100001 35.5786666870002,5.4144024850001 35.5390968330001,5.41442251200004 35.499481202,5.41622018800012</coordinates></LinearRing></outerBoundaryIs></Polygon></MultiGeometry>
  </Placemark>
  <Placemark>
	<Style><LineStyle><color>ff0000ff</color></LineStyle><PolyStyle><fill>0</fill></PolyStyle></Style>
	<ExtendedData><SchemaData schemaUrl="#et_regions__zones">
		<SimpleData name="Region/Zon">ER</SimpleData>
	</SchemaData></ExtendedData>
      <MultiGeometry><Polygon><outerBoundaryIs><LinearRing><coordinates>40.396198273,8.04134845700008 40.3935394290001,8.08814906999999 40.3790969850001,8.11293888200015 40.4050674440001,8.20211887300002 40.3829383850002,8.27600860600012 40.33731842,8.34351921100011 40.3245773320001,8.39928913199998 40.3251492751624,8.46456812804865 40.3281173710001,8.51006889400014 40.3171031543616,8.53769187313217 40.3187980640001,8.55252838100006 40.3097314792847,8.57662918101354 40.3146200487093,8.58941467027799 40.3154983520001,8.60323905900015 40.2857894900001,8.60467910700009 40.2472305300001,8.57011890500013 40.2103080750002,8.54931926800003 40.1824684130001,8.55900955200013 40.1885795600001,8.60419940899999 40.1768684380001,8.61867904800016 40.0450973510002,8.63452911300004 40.0251770020001,8.68803978000005 40.0774879460001,8.7657489770001 40.0899772640001,8.85866928100012 40.1359992428089,8.91168420850251 40.1522483820002,8.93195915300004 40.169891357,8.96449852000001 40.222328186,8.98774909999997 40.2691659722856,8.99331019090142 40.3384805003469,8.99571521891664 40.3461293463174,9.0128508395632 40.245498657,9.07486820200018 40.3270225520001,9.15465831800003 40.3695297240001,9.21826839400012 40.4257698060001,9.30427742000012 40.47102356,9.35475731000008 40.5284118660002,9.38545799299999 40.635971069,9.39594745700015 40.6755447380001,9.41751670799999 40.693561555,9.44438266700007 40.6929817200001,9.49889659900003 40.6534355142174,9.56101784342574 40.6414021125567,9.60614309965322 40.5391181984411,9.66931845837168 40.518059745535,9.70842701376882 40.518059745535,9.72346876584464 40.5300931471956,9.7355021675053 40.5451348992714,9.74753556916596 40.5631850017624,9.74753556916596 40.5902601554989,9.75355226999629 40.6383937621415,9.75355226999629 40.6684772662932,9.75355226999629 40.6925440696145,9.7776190733176 40.7105941721055,9.78062742373277 40.8158864366363,9.84681113286639 40.8760534449396,9.97015349988814 40.936557769,10.0352458950001 40.939228803658,10.1205710206464 40.989948273,10.2399053570001 41.030437469,10.4004449850001 41.0685878715101,10.5176732754481 41.0870399480001,10.6005640030001 41.1257465293982,10.6831325482822 41.220058441,10.83446312 41.267138998911,10.8395667698707 41.3182809559688,10.9057504790044 41.3393394088749,10.9238005814954 41.4100799560001,10.958472252 41.4840736380001,10.9669017790001 41.6341819770001,10.965301514 41.6995430000001,10.9693117140001 41.755091652,10.9728004200002 41.7759675390001,10.9653202040001 41.7803035850002,10.9580934590002 41.807616515,10.9559924640001 41.9053127590001,10.9370835130002 41.904262262,10.913972575 41.9158177310002,10.908720088 41.9263227050002,10.908720088 41.939979169,10.924477547 41.9672920970002,10.913972575 41.9925040320002,10.920275557 42.0345239210001,10.9213260550001 42.0450288930001,10.9538914690002 42.0660388380001,10.9507399790002 42.113311214,10.969648928 42.16058359,10.966497438 42.171088564,10.9538914690002 42.2425223760002,10.9622954480001 42.2698353060002,10.979103405 42.2992492290001,10.979103405 42.3486225990001,10.9843558910001 42.3948444780002,10.9685984330002 42.4326623800001,10.9906588740002 42.4743270880001,11.0319080350001 42.580782492,11.053688709 42.6267800810002,11.0733347230001 42.737306582,11.0484362240002 42.7614680200001,11.0074668300002 42.7572660300002,10.9706994250001 42.8202958650002,10.9570429620001 42.9360828800001,10.9662649360001 42.933048248,10.9583168040001 42.8763481680002,10.896667742 42.796535492,10.791977882 42.7663880000001,10.731845 42.721596,10.6605480000001 42.706886291,10.6189785 42.7059663838135,10.5534367988862 42.7363853450001,10.4985580450001 42.7497062670002,10.449608804 42.7755851750001,10.4046688080001 42.7857360830001,10.3587083820001 42.8022502370001,10.320060464 42.8193565840002,10.290897 42.8408355720001,10.2638854980001 42.8560333250002,10.2255687710001 42.8836746220001,10.1864385620001 42.8297843940002,10.14921856 42.802234649,10.1236286160001 42.77004242,10.109708786 42.8434361427981,10.0409308006535 42.8856162381958,9.94482192040894 42.8859911391057,9.88862870860514 42.8669533775996,9.83487502905865 42.7298240660002,9.86618995800001 42.7016944900001,9.84099960300006 42.6763114930001,9.8044395440001 42.6621818530001,9.79092025800009 42.6637954710002,9.77654934000014 42.6474266050001,9.7752122870001 42.5951347340001,9.74813270600009 42.4989585870001,9.72105407700008 42.4485359190002,9.721988678 42.3765716550002,9.71383953100013 42.3283424370001,9.7133817670001 42.3027610780001,9.69113159200003 42.2586364740001,9.65158176400007 42.1738746162317,9.68389015569514 42.1695501125099,9.66471192179846 42.1650375868872,9.64064511847714 42.1422500620001,9.62029266300016 42.1379624331507,9.59627194985346 42.1461296090002,9.57063198100013 42.1349540827355,9.5503946060222 42.1229206810749,9.54136955477671 42.089622518615,9.52828360782812 42.0838121256778,9.50226099937956 42.0514723587147,9.50376517458715 42.0116117157138,9.51730275145539 41.9898011752039,9.51730275145539 41.9679906346939,9.50978187541748 41.9387474060001,9.47954273199997 41.9394113057498,9.45939200596347 41.9411736939087,9.44031637563996 41.9229774470001,9.37091350500009 41.9145469670001,9.35476303000002 41.8792442974465,9.35033930341375 41.8732275966162,9.34507469018721 41.8704338070001,9.32131862600005 41.8509788510001,9.29291343699998 41.8367271430001,9.29326343600007 41.797152945196,9.28662582381413 41.7667465210001,9.28468418100016 41.7548561090002,9.29090786000006 41.735088348,9.29384422300012 41.7102470390001,9.29335403500005 41.6912384030001,9.30288410200012 41.6536369330001,9.29036426500011 41.6476013154789,9.28189933146875 41.6285362250002,9.23247432700003 41.5995617197867,9.18346986632258 41.5789642340001,9.13243484500003 41.5305747990001,9.13451480900017 41.5297164920001,9.03808498400014 41.4846763610001,8.94756507900007 41.4221458440001,8.84773540600008 41.3801727290001,8.75645542200004 41.3648643490002,8.6595163340001 41.3188934330001,8.57988643700008 41.2995224000002,8.52642631500004 41.2678642270001,8.49361610500011 41.2624320990001,8.46594619799998 41.2655525210001,8.40321636200002 41.3217430110001,8.34415626600014 41.3603019710002,8.34169578600012 41.4237632750001,8.27185630800011 41.4411010740001,8.25233650200005 41.4897569296331,8.16711748074923 41.4519309990001,8.12714576800005 41.3269729610001,8.14686679900007 41.1490821830001,8.09937191099999 41.0595628202645,8.02271666082133 41.023109435,7.99379730200002 40.9374694820001,7.95561408999998 40.7529792790002,7.94186830600006 40.7163009630001,7.88972807000005 40.6433372490002,7.88680839600005 40.5625267030001,7.88187837700008 40.4778366090002,7.92720890100014 40.4484481820002,7.95640897700014 40.445308685,7.99725866400007 40.396198273,8.04134845700008</coordinates></LinearRing></outerBoundaryIs><innerBoundaryIs><LinearRing><coordinates>41.837879479238,9.60586106680179 41.8377860049793,9.60759034058767 41.8377860049793,9.60759034058767 41.837879479238,9.60586106680179</coordinates></LinearRing></innerBoundaryIs></Polygon></MultiGeometry>
  </Placemark>
  <Placemark>
	<Style><LineStyle><color>ff0000ff</color></LineStyle><PolyStyle><fill>0</fill></PolyStyle></Style>
	<ExtendedData><SchemaData schemaUrl="#et_regions__zones">
		<SimpleData name="Region/Zon">NWR</SimpleData>
	</SchemaData></ExtendedData>
      <MultiGeometry><Polygon><outerBoundaryIs><LinearRing><coordinates>37.181812287,10.2412643440002 37.1662254340001,10.2441329960002 37.1410179130002,10.2450761800001 37.1146049500001,10.2506971360001 37.0871009820001,10.2594938280002 37.0781021120002,10.2633743290002 37.061840058,10.2817344670001 37.0507698060002,10.2836036680002 37.0458717350002,10.2883996970001 37.030799866,10.2861032490001 37.0016059880002,10.2953348170001 36.9896087650001,10.30878067 36.9799194340001,10.314026833 36.9647483830001,10.3118820200001 36.9536743170001,10.3125028620001 36.9307708740002,10.310939789 36.9246368410001,10.3137941370002 36.8979606630002,10.312848091 36.8887367240002,10.315516473 36.8787803650002,10.327615738 36.8692398080001,10.3406925200001 36.8396110540002,10.3408012400001 36.833580017,10.3424701690001 36.8170089730001,10.3417415620002 36.8065986630001,10.3353710180001 36.7919578560001,10.3433856960001 36.7765998840002,10.345968247 36.7698431501401,10.3523902731463 36.7666130060001,10.362340927 36.7524185180001,10.365983963 36.745716095,10.3599700930002 36.7235183720001,10.3607997900002 36.7180137640001,10.3579225550001 36.6916542060001,10.357319832 36.6457412757346,10.3305586290199 36.6554374690001,10.321976661 36.612133025,10.3603048320001 36.5392456050002,10.364979743 36.5204963680001,10.3995599740002 36.5426712030001,10.462495805 36.485412597,10.4828052520001 36.4405746460002,10.4542913430001 36.401947021,10.4591665270001 36.3646774290001,10.506177902 36.3485183720001,10.5243215570001 36.3182182320002,10.5280036930001 36.3012123100002,10.584030153 36.291572571,10.6199588790001 36.312488556,10.6738290780002 36.3313369750002,10.7262372970001 36.3759880070002,10.7652864460001 36.313758851,10.8508090970001 36.3321037300001,10.887440683 36.3471145640001,10.9172391890001 36.4176712030001,11.0007276540002 36.4361724850002,11.0390462870001 36.4783248900001,11.067137718 36.5250854490001,11.1127119060001 36.530422211,11.1416006100001 36.4892082220002,11.146201133 36.4676094050001,11.1554088600001 36.467563628,11.215339661 36.4758300780001,11.2446661000001 36.467144013,11.2649927150001 36.4949646000002,11.2889518750001 36.5049591060001,11.2849884040002 36.5296478270001,11.302497865 36.5568809510001,11.3021163940002 36.5564193720002,11.3294868470001 36.5345420840001,11.335292816 36.5588378900001,11.3543472290002 36.5638885490001,11.3713493360001 36.5410537720002,11.3941259380001 36.5311012280002,11.415035248 36.5299110420001,11.4345474250002 36.5122222910002,11.4582767490002 36.4978294360001,11.4436941160002 36.4776954650001,11.4376211170001 36.4383735650001,11.491818429 36.424015045,11.522185326 36.413116454,11.5319595340001 36.3903312690001,11.571339607 36.3484230050001,11.6053600320001 36.3324165350002,11.6660423280001 36.334545135,11.7171697610002 36.3403549200002,11.7486372000001 36.3087997440002,11.803229331 36.2315788270002,11.722111702 36.2070732120002,11.721434593 36.1649971000001,11.6781768810001 36.1183586120002,11.7058105460001 36.0898704520001,11.8169517520001 36.0544967650001,11.8493175510001 36.0212097170001,11.913844109 35.9690246590001,11.958415985 35.9545746244454,11.9641657784644 35.9712677000002,12.0036325470001 36.007518768,12.0105609890001 36.0864944460002,12.024625778 36.1404609680002,12.008113862 36.2331314080001,12.0058135990001 36.331344801338,12.0099590356549 36.3884239200002,12.0254964840001 36.3754187964082,12.0219563726465 36.4319600210832,11.9495687513439 36.4838540657451,11.9427999629098 36.6056556710002,11.9060525890002 36.5998878480002,11.8812084200001 36.5977325450001,11.8160953520001 36.5866088860001,11.772162438 36.6271095270002,11.7226066580001 36.6608314520001,11.7260341640001 36.662349701,11.6950130470001 36.6841583250001,11.6575498570001 36.6866559735279,11.6604420164425 36.7074699400001,11.6845436100001 36.7599678050001,11.6782760630001 36.7862040166972,11.6879127300516 36.7862040166972,11.6879127300516 36.8085441590001,11.6961183550001 36.8352088930002,11.729049683 36.8762474060001,11.7544193270001 36.855384826,11.778233528 36.8537979120002,11.7938222880002 36.8664741510001,11.83825016 36.8881950380001,11.8528909680001 36.9137306220001,11.8564367290001 36.9391288750001,11.8705329900001 36.9575386050001,11.892431259 36.963901519,11.9017410270001 36.9806938180001,11.89993763 37.0029258720002,11.905765533 37.0111007700001,11.9212207800001 36.9725907432848,11.9454158850167 36.9734630958159,11.9597219339952 36.9664369502798,11.9745893927595 37.0161209110001,11.992534637 37.0185852060001,12.009752274 37.0326194760001,12.086717605 37.033416748,12.1176948540001 37.0351943970001,12.1554164890001 37.0522155770001,12.18659401 37.0641632090001,12.2106981270002 37.1121292120001,12.2447891250002 37.1239967350001,12.2514009470001 37.1465606680002,12.2678089140001 37.1572940340003,12.2695980705133 37.1623115540001,12.2643404010001 37.1606292720002,12.2490911490002 37.169948579,12.2434787760002 37.1743392940002,12.2357797630001 37.1734199520001,12.2258796690001 37.1754188530001,12.2154207230001 37.175491333,12.2067985540002 37.1788406380001,12.198861123 37.18780136,12.1922187810001 37.1920738230002,12.1932382590001 37.2070617680001,12.1910152450001 37.20401001,12.2025680540001 37.2121582040001,12.2065248490002 37.2233314500002,12.2053422940001 37.2336351966144,12.2080037717601 37.242412567,12.2074069980001 37.2519645690001,12.1972990040001 37.2617340100001,12.1961383820001 37.2821998590001,12.200874329 37.2932883493299,12.2022701862192 37.2927894600001,12.2188901910001 37.3005599970001,12.230570793 37.3057658317853,12.2346652386285 37.3001480100002,12.2585401540001 37.3155403140001,12.270870209 37.32875824,12.2755985260002 37.3390007030001,12.2788400650001 37.3418693550001,12.2787313450002 37.345500945,12.2752914440002 37.3590316770001,12.271731377 37.363071441,12.2647209160001 37.359493256,12.2591419220001 37.37368393,12.2571125020001 37.3787612910001,12.266698837 37.3840904230001,12.2776842110002 37.402107238,12.2726974500001 37.4139022830001,12.2800436020001 37.4261894230002,12.2748184200001 37.4451026920001,12.2852401730001 37.4629249570002,12.290837288 37.4745597850001,12.297849656 37.477324454684,12.2983081437479 37.4895237929535,12.2949328922839 37.4908065790002,12.294393539 37.4980201720001,12.2869405750001 37.5003242500001,12.2800102230001 37.5107040410001,12.271375656 37.5184707650001,12.2636365900001 37.5213661190002,12.2541246420001 37.5331077580001,12.2411527640001 37.5536384580001,12.2276716230002 37.5593414300001,12.196291924 37.575641632,12.1671276100001 37.5807991030002,12.157840728 37.5992698670001,12.1288003920001 37.618190766,12.102069855 37.6122817990001,12.0767202390001 37.6011505120002,12.0517702100001 37.592430116,12.0300588600002 37.5851707460001,12.005569458 37.5730171210001,11.9879140850002 37.5703849800001,11.96742344 37.5573120130002,11.9428749100001 37.5508499150002,11.9285764700001 37.5125045780002,11.9030904780001 37.5036849970001,11.896330834 37.499279023,11.8905076980001 37.5050888060001,11.8814592370001 37.5429483927837,11.8739358702622 37.6497573896425,11.8571699935837 37.7121858039257,11.7919534767465 37.742006567553,11.7495444329736 37.7400068783015,11.7106539834595 37.7497347561121,11.6817931676197 37.7993474600428,11.6807315540771 37.847675646737,11.6911019993748 37.8338930310333,11.6666470513532 37.8507354599867,11.6285047131283 37.8769485203402,11.5758760712614 37.8855592940615,11.5289103124666 37.8567875872366,11.4975815798713 37.8300483777811,11.4430212960398 37.793446816642,11.3776942032843 37.7752073998141,11.3391836826096 37.7604463876292,11.2855522041775 37.760440826,11.2855319970001 37.7816391,11.2670536040002 37.7923698420001,11.2613573070001 37.8088912970001,11.2546205510001 37.820823669,11.254292488 37.8263130180001,11.254296303 37.8357353220001,11.2462081920001 37.848903656,11.2384386060001 37.870979309,11.2167425160001 37.8849601740001,11.213027 37.9076843260001,11.208652497 37.9250526420001,11.206951142 37.9442558300001,11.191165925 37.9749679560001,11.198325158 37.994609832,11.199024201 38.0006866460001,11.1930503840001 38.0031471250001,11.1844348900001 38.0123672490001,11.1736593250001 38.0416030890001,11.1692295070001 38.061866761,11.1638803490001 38.0732231130001,11.1554880140001 38.1067810060002,11.153993606 38.1479148860001,11.1587686550001 38.177173614,11.140065193 38.204589844,11.1377534870001 38.2267990120001,11.1475095750001 38.2436294560001,11.1504220960001 38.2644310000001,11.142028808 38.2973594660002,11.1464433670002 38.3156318670001,11.1317968380001 38.3360252380002,11.1140680320001 38.3419113160001,11.1065979000002 38.365234374,11.1030826580001 38.3889732360001,11.0809001930002 38.4091262810002,11.0761089340001 38.424926758,11.0822544090001 38.4464721680001,11.0704584120001 38.4741171161349,11.032741882557 38.4973258960001,10.9781837470001 38.4999389640001,10.9467525470001 38.5169067390001,10.9076042180001 38.523273467,10.8703870790001 38.5160865780001,10.8504505170001 38.5082473750001,10.8327245710001 38.528331757,10.7883129130001 38.512367249,10.761535645 38.5069808960001,10.7421712880001 38.5092582700001,10.7027235020001 38.5066452030002,10.6809129720001 38.4808578490001,10.6370573050001 38.4576020995196,10.63484715517 38.4738941989783,10.6256524166686 38.4658508310001,10.573238372 38.4699859620002,10.5243377680001 38.4824523920001,10.4552812570001 38.4863319390001,10.3719539650002 38.4859544687877,10.3517904617086 38.4753074640001,10.322395325 38.4578704830001,10.2820091250001 38.4307174680001,10.2316226970001 38.4300422660002,10.1931333530001 38.425724029,10.1717557910001 38.3974990840001,10.1442775740001 38.366302489,10.1404857640001 38.3144798280001,10.1071500790001 38.3139201303137,10.1066282948594 38.321807861,10.107186318 38.2477874760002,10.1019496930001 38.1706123340002,10.057752609 38.1704295914777,10.0575463064202 38.1505661020001,10.0351219190002 38.1007194520001,10.0222568510001 38.0481147770001,9.98153209800017 37.9860343930001,9.94973945600009 37.9350779990001,9.91898599900009 37.9300729990001,9.91458699900005 37.9219974960001,9.91595917300009 37.909324999,9.93044899900013 37.9013899990002,9.93037400000003 37.8805336020002,9.92167754299999 37.875927,9.91630599900003 37.8744620660001,9.91116423400013 37.8699340000001,9.90753400100004 37.864463819,9.91286192900014 37.8603900000001,9.91278799999998 37.8587610010002,9.90582799999999 37.8592224130002,9.90022087000006 37.852811999,9.89662121500004 37.848415001,9.89757799900013 37.8426818850001,9.89670276700002 37.8364143370001,9.88789177000012 37.8300310750002,9.88378002200005 37.8232536320001,9.87389087600002 37.8160209660002,9.86715030800008 37.8069915780002,9.86529064300015 37.8005828850001,9.86182403600009 37.7880859370001,9.85962772300019 37.7818908690002,9.8572521210001 37.774593354,9.85650253400019 37.769088744,9.85144138400011 37.7609672540001,9.85192966500006 37.7539558400001,9.85707664600005 37.7485313410001,9.85593891200006 37.748229981,9.84666442800005 37.7428932190001,9.8406620020001 37.7360038760002,9.84079456300014 37.730697632,9.84485912299999 37.7170066830001,9.84255600000012 37.7106590260001,9.84261417300007 37.7006530770001,9.83671474400018 37.6945648190001,9.84270286500015 37.680393218,9.86231803900006 37.6744956970001,9.86191558800004 37.6722581955377,9.85694964010155 37.6669273370001,9.859464645 37.6475639340001,9.87349986999999 37.6366233820002,9.885549545 37.6182250970001,9.89388942800002 37.6128273020001,9.90941047800015 37.6057968150001,9.91311836200015 37.592395782,9.91876411400011 37.5896682740001,9.92684936500018 37.5869331360001,9.93939781299997 37.5743217470002,9.94194793800006 37.5529289250001,9.95855426800006 37.5513610840001,9.97342777300014 37.5292358400002,9.99617671900012 37.5108337400001,9.99943637900003 37.4933242790001,10.0009117130001 37.47807312,10.0091829310002 37.4757499690001,10.0149393080001 37.461330413,10.012113571 37.4444694520002,10.0145587930002 37.4342460630001,10.0250368110001 37.4183692920001,10.0372037890001 37.3982772830001,10.046150208 37.3804016110001,10.0430994030002 37.3675422680001,10.043560982 37.3569831850001,10.0402317060001 37.3493003850002,10.0119485860001 37.3393020620001,10.0045185100001 37.323253632,10.0081014630001 37.3178215030001,10.0180501940001 37.3056106560001,10.0266532900002 37.2997245800001,10.0387754450001 37.2965393060002,10.05284977 37.2877120970002,10.0628795620001 37.282508851,10.064890861 37.2618827820001,10.076671601 37.2301826490001,10.0796833040001 37.2133140560002,10.0879077920001 37.1907386780001,10.1115560530002 37.1821022030001,10.1373443610001 37.1677017210001,10.1632738110001 37.1709556580001,10.1739606850001 37.199897767,10.2232961660001 37.1903686530001,10.2362709050001 37.181812287,10.2412643440002</coordinates></LinearRing></outerBoundaryIs></Polygon></MultiGeometry>
  </Placemark>
  <Placemark>
	<Style><LineStyle><color>ff0000ff</color></LineStyle><PolyStyle><fill>0</fill></PolyStyle></Style>
	<ExtendedData><SchemaData schemaUrl="#et_regions__zones">
		<SimpleData name="Region/Zon">SAAZ</SimpleData>
	</SchemaData></ExtendedData>
      <MultiGeometry><Polygon><outerBoundaryIs><LinearRing><coordinates>38.7348815609077,8.84419727069531 38.7355553874724,8.86752403343791 38.7356791369491,8.88489924980373 38.736808866812,8.8925936202311 38.7309175139156,8.89823427725956 38.7242740734154,8.90099193180681 38.7223938544059,8.90675793676924 38.7215164188682,8.91189720206185 38.7216417668021,8.91666042355255 38.7240233775475,8.91966877396773 38.7282852073023,8.92330386405274 38.7316696015194,8.92367990785464 38.7338005163968,8.92317851611878 38.7349286478025,8.9249333871943 38.7345526040006,8.92693895413775 38.7343019081327,8.92894452108121 38.7353046916044,8.93132613182656 38.7366208449111,8.93690411488805 38.7366301965559,8.93832557361402 38.7371491561936,8.93961481421704 38.7366358316187,8.9409780227556 38.7372483738526,8.94274588212963 38.7359746830472,8.94546498708935 38.7357434093733,8.94893751654878 38.736808866812,8.9510684314262 38.7367529476386,8.95340863411471 38.7375958439559,8.95715620767325 38.7397112554773,8.95999158716943 38.7362621814286,8.96466280757345 38.7340042116996,8.96724681726335 38.734501379889,8.96904811507526 38.7323750909695,8.97326485515629 38.7325565893675,8.97344023855763 38.7356707023406,8.97644943164787 38.7347328406336,8.9790645481089 38.739158301107,8.9822626704434 38.7410240568001,8.98192927523375 38.7432991922353,8.98285918195627 38.7436587151654,8.9837519927909 38.7435151998939,8.9849281179425 38.7486699150636,8.98536675985764 38.7500800793207,8.98489670510527 38.7523363421321,8.98499071605574 38.7530884297359,8.984050606551 38.7541225501911,8.98217038754151 38.7545926049435,8.9792560480768 38.7560967801511,8.97803390572063 38.758259032012,8.97803390572063 38.7615494152786,8.97897401522538 38.7671751692456,8.98029894447612 38.7735053746902,8.98349022794766 38.7746501717343,8.98250970831585 38.7748381936352,8.97959536885116 38.7770004454961,8.97884328124737 38.7780345659514,8.97790317174263 38.7836752229798,8.97686905128742 38.7895766355454,8.97146646702713 38.7960488199457,8.96066966071235 38.7995087284469,8.96001088508468 38.8014075919489,8.95377014814061 38.8028393557008,8.9495146166691 38.8028393557008,8.9495146166691 38.8042636211336,8.94528137192819 38.8091521905582,8.94283708721587 38.8138762362408,8.94118584746449 38.8189878764559,8.94512619450417 38.8206610954208,8.94486298930097 38.8256626156592,8.9392131038385 38.8341591033843,8.93888862729597 38.8411159137194,8.94076884630545 38.8467565707478,8.94302510911682 38.85314931538,8.94415324052251 38.8587899724085,8.95092202895663 38.8633024980312,8.95806686119264 38.8669838487938,8.9627246129718 38.8669145051005,8.96263687731941 38.872493761144,8.95120186183201 38.8804487582538,8.94202838286078 38.8880929645988,8.93758536658861 38.8983089411092,8.94961707351941 38.9033898406978,8.95864371367463 38.9177507328297,8.97471327486279 38.9331526342333,8.97611696368364 38.9484172243269,8.97712952833499 38.9485166540387,8.97710341761885 38.9484167073034,8.9770568003527 38.9483379202921,8.96597409410139 38.9358718584761,8.94146866995987 38.9240786801571,8.93019800042086 38.9220016034178,8.92074433251296 38.9135494537039,8.91264928966564 38.9135494537039,8.91014233098632 38.9135494537039,8.90663258883527 38.91135372312,8.89921440764444 38.9161821696612,8.88955751456206 38.9085371293043,8.88513143856596 38.9015160520432,8.885574135929 38.898507701628,8.88707831113659 38.8960007429487,8.88858248634418 38.887077357128,8.88782393642011 38.8787255795589,8.88216008726401 38.8703079801601,8.87231470561583 38.862172361823,8.87093434190291 38.8356240850537,8.85836608774617 38.8296505738135,8.85092265489196 38.818480499102,8.8452604650571 38.8123868135802,8.83691148716638 38.7984785519912,8.82923517351865 38.7867417151233,8.81673496514716 38.7793942644011,8.81329979338095 38.7648154002267,8.81363522233361 38.7560167379646,8.81545516048726 38.7502907258263,8.81663954370921 38.7326257566187,8.8240968565062 38.7263218817409,8.82964320200561 38.731854249149,8.83476264492155 38.7348815609077,8.84419727069531</coordinates></LinearRing></outerBoundaryIs></Polygon></MultiGeometry>
  </Placemark>
  <Placemark>
	<Style><LineStyle><color>ff0000ff</color></LineStyle><PolyStyle><fill>0</fill></PolyStyle></Style>
	<ExtendedData><SchemaData schemaUrl="#et_regions__zones">
		<SimpleData name="Region/Zon">CNR</SimpleData>
	</SchemaData></ExtendedData>
      <MultiGeometry><Polygon><outerBoundaryIs><LinearRing><coordinates>38.114871979,9.64610385999998 38.0645477730001,9.74043879300007 38.0533907770002,9.79729374100015 38.0404205490001,9.83116337100012 38.0239295960002,9.84472370200007 37.9907712650001,9.8656484490001 37.9350779990001,9.91898599900009 37.9860343930001,9.94973945600009 38.0481147770001,9.98153209800017 38.1007194520001,10.0222568510001 38.1505661020001,10.0351219190002 38.1706123340002,10.057752609 38.2477874760002,10.1019496930001 38.321807861,10.107186318 38.3139201303137,10.1066282948594 38.3144798280001,10.1071500790001 38.366302489,10.1404857640001 38.3974990840001,10.1442775740001 38.425724029,10.1717557910001 38.4300422660002,10.1931333530001 38.4307174680001,10.2316226970001 38.4578704830001,10.2820091250001 38.4753074640001,10.322395325 38.4903793330001,10.3640069950001 38.541152955,10.3702936170001 38.577968598,10.37717247 38.6238479620002,10.378350257 38.6641578670001,10.3727560050001 38.7207145690001,10.3861989980001 38.7529296880001,10.3795528410001 38.8064689630002,10.3688354490001 38.9030227670001,10.3477134710002 38.9600830080001,10.3326807020001 38.9972496020001,10.3428630820001 39.0172386170001,10.3676729200001 39.0622215270002,10.3588552490001 39.095085144,10.3223209390001 39.1160659800001,10.333176613 39.1595077510001,10.3240070340001 39.1680183420001,10.30046177 39.1949234000001,10.2826938630001 39.2177848810001,10.2995109560001 39.2453765870001,10.3017778390001 39.2440605170001,10.2814712530001 39.221004487,10.2578554160002 39.2014694220001,10.2404413220001 39.1739463800001,10.187005043 39.1924209600002,10.1679124840001 39.218040466,10.1592216490002 39.2392044070001,10.176764489 39.2742347720001,10.1995773320001 39.2883491510001,10.2269477850002 39.2982864380001,10.2519474040002 39.3031967079952,10.243009440082 39.3039207450001,10.2563648230002 39.348472595,10.292243957 39.3983078000001,10.3298263560002 39.435325623,10.3809309010001 39.4587669360001,10.436058044 39.5697655102891,10.3723556416439 39.7290297746658,10.3845216618393 39.8208279270496,10.3247975626981 39.8609702071976,10.2813767514319 39.9276542660002,10.2014303220001 39.9223823560001,10.1735801700001 39.911865235,10.1317796710002 39.943443298,10.0591897970001 39.9227409350001,10.010741234 39.9473533630002,9.9933748250001 40.0319519050001,9.99448681000001 40.0589065560001,9.97710513999999 40.0672721850001,9.96007061000012 40.0888442990001,9.93480587100004 40.077823639,9.90546226600014 40.063560486,9.90241336800011 40.0584297180001,9.86433887599998 40.0352058400002,9.8427982340001 39.991153716,9.75672531100008 39.9489402780001,9.731398582 39.8758010860001,9.75280857000013 39.8497734060002,9.74835872600016 39.8484535220001,9.70869732000006 39.8499183650002,9.68772506800008 39.857662201,9.655152321 39.8837966930002,9.61063289700007 39.8771476740001,9.57656955700003 39.956861376681,9.57939698424337 39.9861927932288,9.54555304207277 39.9301718812741,9.50119757745813 39.8746414190001,9.41350555500003 39.8728904720001,9.39776325300011 39.8570060720002,9.27007389200003 39.862957001,9.24226284100013 39.8406143190001,9.19282722500003 39.8130149840001,9.17111015400019 39.8174209600001,9.13631439200014 39.7863540640002,9.1084461210001 39.7610600695815,9.00404996734316 39.7482948310002,8.94674301100008 39.7368850710001,8.85720920500012 39.6621360780002,8.8131923680001 39.634067536,8.79879569999997 39.6170234670001,8.78686904900002 39.5337753290002,8.75796032000005 39.5094867661134,8.73442656138404 39.4702453610001,8.7417516700001 39.4492263790002,8.75223827400004 39.3771018990001,8.730896949 39.3420486440001,8.72694587600006 39.3086793759011,8.73442656138404 39.2619514460001,8.74693584500017 39.272983551,8.76685428600018 39.2719917290001,8.78304481500015 39.2589874270002,8.80372714900005 39.2439842220001,8.83661461000008 39.2374916070001,8.86202526100016 39.2410163880002,8.88892269100006 39.265380859,8.92238521700017 39.2585983290002,8.96263599299999 39.2881889350002,8.9989786160001 39.2967529290001,9.05326938700017 39.3281572063291,9.06198776986454 39.271169006662,9.14619452445968 39.2666564810393,9.13716947321419 39.2495231630002,9.13558578500016 39.213603973,9.10241127 39.188655854,9.12058162700004 39.1657638560001,9.11691093500008 39.1463356010001,9.10772132900019 39.1278266910001,9.08840179400011 39.112291911712,9.0611253772977 39.100963592,9.0378217710001 39.0855913904266,9.01702347850855 39.059562682,8.99159145500005 39.018242066159,8.96803550804489 38.9548072810002,8.97545146900006 38.9484172243269,8.97712952833499 38.94739529323,8.98712799625786 38.9496515560413,8.99333271898913 38.9513437531499,9.00348590164031 38.9524718845556,9.01081875577728 38.9485234246357,9.02435633264552 38.9423187019044,9.04353456654219 38.9361139791731,9.0593284062218 38.9341397492132,9.07907070582132 38.9313194206989,9.08950592132392 38.9282170593333,9.09486454550093 38.9208842051963,9.09937707112368 38.9081927268824,9.10276146534074 38.8867582301743,9.10501772815211 38.869836259089,9.10783805666633 38.8585549450321,9.10783805666633 38.8325067445009,9.10972027189097 38.8043469704252,9.11397274436226 38.7781537857078,9.11397274436226 38.7615504555045,9.11060913867451 38.7415119535349,9.09829977317893 38.7309826756488,9.09866514244311 38.7188255066622,9.09908700004202 38.7075180662651,9.09765567847276 38.6831395378645,9.09656572360964 38.6783294680001,9.10450267800002 38.6735839850002,9.12084293400005 38.6795921320002,9.13120269700005 38.6930122380002,9.14180278800001 38.7092018120001,9.15631198900013 38.7089729310001,9.17334270399999 38.6848068240001,9.17570400200015 38.6501922620001,9.17466259100007 38.6392054837375,9.17417021590898 38.6274468663367,9.17417021590898 38.6233444210002,9.17256260000011 38.5953330990001,9.18242263700017 38.55203247,9.20907306600014 38.5279541010001,9.2177829740001 38.5168228150001,9.24263286600006 38.514720916,9.26449298800009 38.533924103,9.30181312600013 38.5489616390001,9.33589267800011 38.5516457791637,9.37217693392592 38.5628433240001,9.41577243900002 38.5772018440002,9.43098258900017 38.5999031080001,9.44596290599998 38.6089324960001,9.46277236899999 38.6042344336433,9.47712540654518 38.6026840210001,9.48186206800005 38.5491638180002,9.51589298300019 38.5378150940002,9.54120254400004 38.5215835580001,9.56374263800001 38.449962617,9.60051250600003 38.3866729740002,9.60643291600013 38.3324127210001,9.6487331400001 38.2762832630001,9.67146301300005 38.1883735660001,9.67409324599998 38.1381608570002,9.6356517000001 38.116344727569,9.64544288338779 38.114871979,9.64610385999998</coordinates></LinearRing></outerBoundaryIs></Polygon></MultiGeometry>
  </Placemark>
  <Placemark>
	<Style><LineStyle><color>ff0000ff</color></LineStyle><PolyStyle><fill>0</fill></PolyStyle></Style>
	<ExtendedData><SchemaData schemaUrl="#et_regions__zones">
		<SimpleData name="Region/Zon">NER</SimpleData>
	</SchemaData></ExtendedData>
      <MultiGeometry><Polygon><outerBoundaryIs><LinearRing><coordinates>40.1025466930002,10.739684104 40.122536152489,10.6102299940411 40.152900695,10.4392862330001 40.163440704,10.3815088280002 40.1885318397221,10.2265242996797 40.1513035033342,10.1385300500356 40.1581459040002,10.0902786260002 40.2123525769755,10.0306010743356 40.2930907109998,9.97198297703031 40.3069856373199,9.95408056520481 40.2997267220155,9.92221289441261 40.2377906192024,9.91225887788906 40.0804214490001,9.94839096000004 40.0775338677913,9.94805237491107 40.0672721850001,9.96007061000012 40.0589065560001,9.97710513999999 40.0319519050001,9.99448681000001 39.9473533630002,9.9933748250001 39.9227409350001,10.010741234 39.943443298,10.0591897970001 39.911865235,10.1317796710002 39.9223823560001,10.1735801700001 39.9276542660002,10.2014303220001 39.8609702071976,10.2813767514319 39.8208279270496,10.3247975626981 39.7290297746658,10.3845216618393 39.5697655102891,10.3723556416439 39.4587669360001,10.436058044 39.4515567996146,10.4191019025259 39.435325623,10.3809309010001 39.3983078000001,10.3298263560002 39.348472595,10.292243957 39.3039207450001,10.2563648230002 39.3031967079952,10.243009440082 39.2982864380001,10.2519474040002 39.2883491510001,10.2269477850002 39.2742347720001,10.1995773320001 39.2392044070001,10.176764489 39.218040466,10.1592216490002 39.1924209600002,10.1679124840001 39.1739463800001,10.187005043 39.2014694220001,10.2404413220001 39.221004487,10.2578554160002 39.2440605170001,10.2814712530001 39.2453765870001,10.3017778390001 39.2177848810001,10.2995109560001 39.1949234000001,10.2826938630001 39.1680183420001,10.30046177 39.1595077510001,10.3240070340001 39.1160659800001,10.333176613 39.095085144,10.3223209390001 39.0622215270002,10.3588552490001 39.0172386170001,10.3676729200001 38.9972496020001,10.3428630820001 38.9600830080001,10.3326807020001 38.9030227670001,10.3477134710002 38.8064689630002,10.3688354490001 38.7529296880001,10.3795528410001 38.7207145690001,10.3861989980001 38.6641578670001,10.3727560050001 38.6238479620002,10.378350257 38.577968598,10.37717247 38.541152955,10.3702936170001 38.4903793330001,10.3640069950001 38.4859544687877,10.3517904617086 38.4863319390001,10.3719539650002 38.4824523920001,10.4552812570001 38.4699859620002,10.5243377680001 38.4658508310001,10.573238372 38.4738941989783,10.6256524166686 38.4576020995196,10.63484715517 38.4808578490001,10.6370573050001 38.5066452030002,10.6809129720001 38.5092582700001,10.7027235020001 38.5069808960001,10.7421712880001 38.512367249,10.761535645 38.528331757,10.7883129130001 38.5082473750001,10.8327245710001 38.5160865780001,10.8504505170001 38.523273467,10.8703870790001 38.5169067390001,10.9076042180001 38.4999389640001,10.9467525470001 38.4973258960001,10.9781837470001 38.4741171161349,11.032741882557 38.4774551400002,11.0281877530002 38.4794158940001,11.0561771400001 38.4663696280001,11.0731105810001 38.4773063660002,11.0920562740001 38.4941062930001,11.1127157220001 38.5122680660001,11.1306314460001 38.5162734990001,11.1437253950002 38.5453147900001,11.155900002 38.5554046630001,11.170625688 38.5752677910001,11.1896982190001 38.5786132800001,11.2055664070001 38.569496155,11.2265548710001 38.605640412,11.2637519840001 38.6121597300001,11.2852563870001 38.6248474120001,11.2983207710001 38.6315765370001,11.3182439800001 38.6393737800001,11.331460952 38.6343307490001,11.342912674 38.642829895,11.3634567260001 38.6550979620001,11.3838043220002 38.6742744450001,11.3914699560001 38.6775970460001,11.3972368240001 38.7001609810002,11.4083757410001 38.7051925660001,11.4217205040002 38.6971855160001,11.434062957 38.7010765090001,11.449151039 38.702560426,11.467987062 38.7050933840002,11.4979486460002 38.705043792,11.5135564800001 38.7176895150001,11.527501106 38.7138824460002,11.545489311 38.6996421820002,11.5605506890001 38.6762390150001,11.5726165770001 38.6699943550001,11.582797052 38.6693191530001,11.5892696380002 38.6498069760001,11.593672752 38.630203248,11.6281576150002 38.6257591250001,11.6754026410001 38.6310882570002,11.7033596040001 38.6084671020001,11.722681999 38.6031188960001,11.7445859910002 38.590564728,11.7547130580001 38.5770492550001,11.761154175 38.570213317,11.7660322180001 38.5585556030001,11.7721252440002 38.5532226560001,11.78879261 38.5640029910001,11.806518555 38.5650901790002,11.813881875 38.5670852650001,11.8248157500001 38.544891358,11.8454322810001 38.5474243160002,11.863992691 38.562149049,11.8824148190001 38.5729789740001,11.9022598270001 38.585590362,11.9221315380001 38.6001091000001,11.943637848 38.6118431100001,11.9580383300001 38.6315155020001,11.969897271 38.63286972,11.9839162830002 38.6337814330001,11.9992275230001 38.6401023870001,12.0170326240001 38.6354522710001,12.0313510900002 38.616924286,12.047825813 38.6124954230001,12.0584859850001 38.5987243650001,12.0746498120001 38.577644348,12.0794620520001 38.5577392570002,12.093372345 38.5458030700001,12.1097078320001 38.5278511040001,12.120038987 38.5110893260001,12.1198301320001 38.5057220470002,12.1122922910001 38.494533538,12.119988442 38.4837265010001,12.126804351 38.47934485075,12.1421331674209 38.465812682,12.1949186330002 38.4475975030001,12.2206363680001 38.454883575,12.25791645 38.4710693360001,12.2964630130002 38.484653472,12.3334579470001 38.4746894830001,12.3664855950001 38.4467926030001,12.396012306 38.4350166320002,12.42107296 38.4286575310001,12.451712609 38.4268379210001,12.4858169560002 38.422382354,12.5220756530001 38.4232101430002,12.5437946330001 38.4339561470001,12.567994118 38.4636116040002,12.594464303 38.4721603390001,12.6202030190001 38.467384338,12.648075105 38.4557991030001,12.6638364790001 38.4520721430001,12.6850528730002 38.449199676,12.6987581250002 38.437469482,12.7399244310001 38.4138374340001,12.7442417140002 38.3783226020001,12.744960785 38.3541412340001,12.7580146790001 38.3405541491244,12.7561025950474 38.3387385676203,12.7584696757957 38.3429565430002,12.811517716 38.3526458740001,12.835898399 38.3488922110001,12.8749008190001 38.3831787100001,12.9328088770001 38.3968828969492,12.9727839363076 38.428234101,13.0365848550002 38.4542045600001,13.066959381 38.4906463630002,13.1022310260001 38.5049629210001,13.1274452210001 38.536762237,13.187872887 38.5821826375922,13.2659268249561 38.6260032660002,13.268004417 38.7003250110001,13.289825439 38.7386016286081,13.3063867482411 38.7400703430001,13.286785127 38.7432518000001,13.265023232 38.7706375130001,13.2525377270002 38.7791862490002,13.249370576 38.800689697,13.2473096850002 38.8116798390002,13.2387733470001 38.833881379,13.2319335940001 38.8631057740002,13.2094974530001 38.876216888,13.2205085760002 38.9070663460001,13.2239170080001 38.9295883170001,13.2356920250001 38.9517402650001,13.2375144960002 38.9647712700001,13.2077617640001 39.0167465210001,13.1787099850002 39.0415992730001,13.161501884 39.0262985230002,13.1279125220001 39.0202255240001,13.126875878 39.0102424610002,13.113981247 38.9921837380909,13.098958383213 38.9898223870001,13.081290245 38.9904518130002,13.062829972 39.0000572210001,13.038889886 39.0043334970001,13.0233974450001 38.9944534310001,13.0117406840001 39.0002174390001,13.003443717 39.0342597960001,13.000468255 39.0536117560001,12.990669251 39.0779143443397,12.9954801090803 39.0984024198114,13.0023094675708 39.1214515047171,12.9980411185142 39.1376712311322,12.9869434109671 39.1418647760001,12.955840111 39.1634712210002,12.948411941 39.1747665410001,12.9381685260001 39.2033004750002,12.9289150250002 39.2508049010002,12.9179830550001 39.2790222160001,12.8562479020002 39.277687073,12.826024056 39.3072166440001,12.8116531380001 39.3036003100001,12.793314933 39.2757720940001,12.7878475190001 39.2676620490001,12.7713346480001 39.2809333800001,12.7433385840001 39.2695350640001,12.7232198710001 39.2855224610001,12.7043704980001 39.2656669620002,12.6770820620001 39.2388572690002,12.6630992890001 39.2307624820002,12.666535378 39.2119903570001,12.6616382600001 39.187290192,12.6563234340001 39.1744003290001,12.6434803020001 39.1834030150002,12.6302967070001 39.1830444330001,12.6122932430001 39.1984329220001,12.58779049 39.2092170720001,12.560590745 39.2087173460001,12.5495624540002 39.214286805,12.5433769240001 39.2222595210001,12.516662597 39.231594086,12.4931440350001 39.236354829,12.4730854030001 39.2373313900001,12.4409170150001 39.2404022210001,12.388283729 39.246490479,12.3599243170001 39.2533598758587,12.3493388006484 39.2628555310001,12.3347063060001 39.2847862240001,12.2996883400002 39.29901123,12.2973804470001 39.3282928470001,12.3022937770002 39.3443477622517,12.307882111604 39.3793941546938,12.3200809282625 39.3906609030455,12.3240026157146 39.455562591,12.3250274670002 39.470516204,12.3213987350001 39.501026154,12.33171177 39.5226631150002,12.3264141090002 39.5353126530001,12.299931526 39.5551834110001,12.255511285 39.5866317750001,12.2658672330002 39.6049995430002,12.270562172 39.6251220710001,12.287999154 39.6322746270001,12.3076543810001 39.7062644960001,12.3062067030001 39.7391090400002,12.3128376010002 39.77714157,12.3108854290001 39.8176116940001,12.3240299230001 39.8036270140001,12.2296867370001 39.8000085998221,12.1944870180631 39.8286018360001,12.0998373030001 39.8579292300001,12.020577431 39.8833656300001,11.9265909190001 39.8737777649457,11.8367020724404 39.885108947,11.7617883690001 39.9239463810001,11.7007961280001 39.9500312810001,11.6823921210001 39.9693547025955,11.6383736858289 39.9829944809883,11.6073024959794 39.993312835,11.583797456 40.0094337470001,11.5540847790002 40.0011851713869,11.523076877572 40.0548782350001,11.4876852050002 40.0670089730002,11.43626213 40.0701866140001,11.3736639020001 40.0712356560001,11.3256454470002 40.1025772100001,11.3169145580001 40.1228027350002,11.2961063380001 40.145618439,11.255625726 40.1728744510002,11.239979745 40.1959991450001,11.1630420700001 40.1937980640002,11.096366883 40.172798157,11.0070219040001 40.144126892,10.9521150590001 40.1493110650001,10.895795822 40.1457203515579,10.8498870839919 40.140422821,10.782155992 40.1025466930002,10.739684104</coordinates></LinearRing></outerBoundaryIs></Polygon></MultiGeometry>
  </Placemark>
  <Placemark>
	<Style><LineStyle><color>ff0000ff</color></LineStyle><PolyStyle><fill>0</fill></PolyStyle></Style>
	<ExtendedData><SchemaData schemaUrl="#et_regions__zones">
		<SimpleData name="Region/Zon">SSER</SimpleData>
	</SchemaData></ExtendedData>
      <MultiGeometry><Polygon><outerBoundaryIs><LinearRing><coordinates>39.1302131661841,6.33693726400708 39.1302131661841,6.33693726400708 39.156578063,6.33053636500011 39.1302131661841,6.33693726400708</coordinates></LinearRing></outerBoundaryIs></Polygon><Polygon><outerBoundaryIs><LinearRing><coordinates>39.1265014752132,6.33783839247405 39.0953979490001,6.47209024500012 39.1092154668409,6.5571239107989 39.0666699677938,6.55857584811012 39.055471284555,6.57425400464443 39.059307098,6.60878658300015 39.0321998600002,6.61180687000007 39.0112991330002,6.60909652800012 38.941677093,6.61033678100017 38.944458008,6.63027763300005 38.9344253530001,6.65561151500009 38.9017677310002,6.66565942800003 38.8377494810002,6.67491579000011 38.8335380560002,6.69166040400017 38.7793006890001,6.70021104800014 38.7422904970001,6.70094108600011 38.7273597730002,6.71197128300003 38.705551148,6.74204301800012 38.658210755,6.76962423300017 38.6356697090002,6.77171421100007 38.6398544300001,6.81268692000009 38.714084626,6.86057758400005 38.7328472258616,6.882615695685 38.7699470510001,6.92619228400014 38.9322814950002,6.95408201300017 38.9865913400002,6.98929214599997 39.0523185888358,7.00899824763736 39.0158996590002,7.04462194400014 38.989578248,7.07926225700004 38.9792480460001,7.10329389600008 38.958194732,7.08548116600008 38.942649841,7.08823251700011 38.9319190980001,7.07612705300016 38.9323310850002,7.05796909400016 38.920776366,7.0596199040001 38.8947753900001,7.07530164700012 38.8950538630001,7.08974552100005 38.8841857920002,7.10652828200017 38.8759307870001,7.10927963300003 38.8682289120001,7.09235954300016 38.862312317,7.111205579 38.847179413,7.11753320800017 38.844566345,7.14215660200006 38.8466300970001,7.14834690200007 38.8368644720001,7.15412473700007 38.828746796,7.15536260600004 38.8236579900002,7.15426206600011 38.8146591190002,7.15925836600019 38.8228607180001,7.19969225000011 38.822509766,7.22179222100016 38.8320503240002,7.24017238700003 38.8268372772958,7.23994494340447 38.8328704840002,7.2652525900001 38.8094215380002,7.27825260200018 38.8624114990001,7.3132324230001 38.9179725650002,7.32509183900009 38.9779763332006,7.33845942670898 39.0725720011374,7.29388621662829 39.1207078719575,7.307059077232 39.2015269507903,7.30516831282847 39.2960194657613,7.28356361134979 39.3988867084693,7.26866594867354 39.464105303696,7.27437183640697 39.5125005330494,7.28458021540947 39.5619150550039,7.31728156495441 39.6062525997555,7.32265418375508 39.662300250113,7.36489737443701 39.7962958939045,7.47220999527607 39.917969318821,7.4813614543423 40.0711356653172,7.4806039838263 40.225014895745,7.45445535592086 40.2929722002476,7.42945042314958 40.3230789661016,7.45818069501069 40.4716739424302,7.50105279622305 40.5357072827247,7.55444974810924 40.6195298147646,7.72309058617496 40.6413938747766,7.81461861954477 40.6433372490002,7.88680839600005 40.7163009630001,7.88972807000005 40.7529792790002,7.94186830600006 40.9374694820001,7.95561408999998 41.023109435,7.99379730200002 41.0595628202645,8.02271666082133 41.1490821830001,8.09937191099999 41.3269729610001,8.14686679900007 41.4519309990001,8.12714576800005 41.5306510930001,8.04241561999999 41.5253829960002,7.93833589500008 41.5508308410001,7.86410617900003 41.5942230220001,7.82970619200012 41.5942726140001,7.74528503400006 41.6535606380001,7.67775583200006 41.7078069795251,7.61735403003621 41.7082267348971,7.61763599423455 41.7081319405369,7.61716688163101 41.5750859758002,7.1465257879078 41.5458093675143,6.93486233928939 41.7380965584947,6.63788518411196 41.6903305050001,6.42941665600006 41.8303552525421,6.31154043889282 41.9014713080124,6.22838502795745 41.7433814464963,6.00820113610576 41.7320271273489,5.79813700866075 41.5946386493689,6.00116217264132 41.2982684324592,6.3157708071794 41.102835722248,6.36439045627252 40.8619461060001,6.34571838400012 40.7393897402308,6.28479829251925 40.7412415330285,6.19534512741614 40.8666763300002,6.0766382220001 40.8775367740001,5.94434833600013 40.8747940070001,5.80789852200007 40.922294616,5.68337821900013 40.8322029120001,5.65589857200013 40.783443452,5.61464834100008 40.6943740830001,5.5671687140001 40.6795845030001,5.54063844799998 40.6330528250002,5.53006887500004 40.6053848260001,5.49028873400016 40.5810432430001,5.47594881200007 40.5328941340001,5.4106488220001 40.1744308470001,5.35337925100009 40.0979499830001,5.36487960800014 40.0336799610001,5.39678954999999 39.9791221620002,5.39580965100004 39.9420204160001,5.40373992800011 39.870342255,5.49033975600008 39.8408203120001,5.50582981200012 39.782249452,5.5156626700001 39.7403806210358,5.53994531806732 39.7027511590001,5.50878000300003 39.666500091,5.54780721700013 39.7252067537589,5.59388064630298 39.7147216800001,5.64525032000017 39.6839408880001,5.69729042100016 39.6142501820001,5.71820068400001 39.5469207770001,5.69841051100013 39.4967918400001,5.73059845000017 39.5747327508191,5.83602660048428 39.457948031419,5.81630260264363 39.4505157470001,5.83679294600017 39.467834473,5.88974285200004 39.4085121160001,5.92917299200008 39.3475189210002,6.05017089900002 39.3329582210001,6.14336109100014 39.2589797970001,6.26461124500008 39.156578063,6.33053636500011 39.1265014752132,6.33783839247405</coordinates></LinearRing></outerBoundaryIs></Polygon></MultiGeometry>
  </Placemark>
  <Placemark>
	<Style><LineStyle><color>ff0000ff</color></LineStyle><PolyStyle><fill>0</fill></PolyStyle></Style>
	<ExtendedData><SchemaData schemaUrl="#et_regions__zones">
		<SimpleData name="Region/Zon">NR</SimpleData>
	</SchemaData></ExtendedData>
      <MultiGeometry><Polygon><outerBoundaryIs><LinearRing><coordinates>39.6322746270001,12.3076543810001 39.6251220710001,12.287999154 39.6049995430002,12.270562172 39.5866317750001,12.2658672330002 39.5551834110001,12.255511285 39.5353126530001,12.299931526 39.5226631150002,12.3264141090002 39.501026154,12.33171177 39.470516204,12.3213987350001 39.455562591,12.3250274670002 39.3906609030455,12.3240026157146 39.3282928470001,12.3022937770002 39.29901123,12.2973804470001 39.2847862240001,12.2996883400002 39.2628555310001,12.3347063060001 39.246490479,12.3599243170001 39.2404022210001,12.388283729 39.2373313900001,12.4409170150001 39.236354829,12.4730854030001 39.231594086,12.4931440350001 39.2222595210001,12.516662597 39.214286805,12.5433769240001 39.2087173460001,12.5495624540002 39.2092170720001,12.560590745 39.1984329220001,12.58779049 39.1830444330001,12.6122932430001 39.1834030150002,12.6302967070001 39.1744003290001,12.6434803020001 39.187290192,12.6563234340001 39.2119903570001,12.6616382600001 39.2307624820002,12.666535378 39.2388572690002,12.6630992890001 39.2656669620002,12.6770820620001 39.2855224610001,12.7043704980001 39.2695350640001,12.7232198710001 39.2809333800001,12.7433385840001 39.2676620490001,12.7713346480001 39.2757720940001,12.7878475190001 39.3036003100001,12.793314933 39.3072166440001,12.8116531380001 39.277687073,12.826024056 39.2790222160001,12.8562479020002 39.2508049010002,12.9179830550001 39.2033004750002,12.9289150250002 39.1747665410001,12.9381685260001 39.1634712210002,12.948411941 39.1418647760001,12.955840111 39.1376712311322,12.9869434109671 39.1214515047171,12.9980411185142 39.0984024198114,13.0023094675708 39.0779143443397,12.9954801090803 39.0536117560001,12.990669251 39.0342597960001,13.000468255 39.0002174390001,13.003443717 38.9944534310001,13.0117406840001 39.0043334970001,13.0233974450001 39.0000572210001,13.038889886 38.9904518130002,13.062829972 38.9898223870001,13.081290245 38.9921837380909,13.098958383213 39.0102424610002,13.113981247 39.0202255240001,13.126875878 39.0262985230002,13.1279125220001 39.0415992730001,13.161501884 39.0167465210001,13.1787099850002 38.9647712700001,13.2077617640001 38.9517402650001,13.2375144960002 38.9295883170001,13.2356920250001 38.9070663460001,13.2239170080001 38.876216888,13.2205085760002 38.8631057740002,13.2094974530001 38.833881379,13.2319335940001 38.8116798390002,13.2387733470001 38.800689697,13.2473096850002 38.7791862490002,13.249370576 38.7706375130001,13.2525377270002 38.7432518000001,13.265023232 38.7400703430001,13.286785127 38.7381553640001,13.3123426440002 38.7369308470002,13.3303127290001 38.733661651,13.349765778 38.7372436530001,13.3776988990001 38.733253479,13.3841466910001 38.7056850000001,13.3892980000001 38.673768648834,13.4256934415868 38.663218606,13.4845640940001 38.6649414724423,13.486769616696 38.6481820000001,13.4813779990001 38.6140440000001,13.4906860000002 38.5506896970001,13.5378971110001 38.5155183522004,13.5557843910949 38.4898530000002,13.558011999 38.4734725960002,13.5572538380001 38.4652139820001,13.567644979 38.45361553,13.5569478160002 38.4238010010001,13.5613010010002 38.4145360000001,13.5489370000001 38.3992959060001,13.5454850920001 38.3912350000002,13.5533550000001 38.3798307480002,13.5444829540002 38.3599509990001,13.5530039990001 38.3489828140001,13.5421485000001 38.3411980000001,13.5376420000001 38.3200420000001,13.52385 38.3230347250001,13.5095901310001 38.3159910000001,13.5005700000002 38.2676734920001,13.4878015520001 38.2591440000001,13.4862030000002 38.2406670000001,13.4957920000001 38.2273254390001,13.4892148980001 38.213216,13.4873600000001 38.2008970000002,13.4801390000001 38.18845,13.484362 38.1585160010002,13.4828490000001 38.1551970000001,13.4765360000002 38.1435468881582,13.4802667983372 38.136778099724,13.492112178097 38.1283171141813,13.5050856892625 38.1141869764016,13.5146481611011 38.107446683176,13.5186232661308 38.1059198548921,13.5113413124973 38.1051904203646,13.5011372293426 38.1033670000002,13.4901180000001 38.0878601070001,13.485980034 38.070694,13.476392 38.0659140000001,13.4712030000002 38.0519940000001,13.4679330000001 38.0456047240002,13.480111086 38.0298500000001,13.4827570000001 38.020226798,13.481711575 38.0149190000001,13.4865160000001 38.0019663967437,13.4966247037198 37.9864460000001,13.498306 37.9625053400001,13.4896116260001 37.946487,13.4664150000002 37.9041020000001,13.447049 37.8751487740001,13.4677057270001 37.849994669291,13.4711653859483 37.8440279999467,13.5479546826788 37.8244243674915,13.7825028980109 37.7450600009997,13.8916289019371 37.5375552511097,14.1032672125819 37.3573320022013,14.2462884146973 37.2738340749547,14.3496274335668 37.1999282840002,14.4247894280002 37.2120018000001,14.43693924 37.2269134530001,14.4403991700001 37.2478523250002,14.4294948580001 37.258068085,14.4347543720001 37.2830085760001,14.4387264260001 37.2992706290001,14.444642068 37.307601929,14.442694664 37.3142585760001,14.4286623000002 37.3275070190002,14.4225816720001 37.3366966250001,14.4111137400002 37.3440322880001,14.4090442650001 37.3453178410002,14.415777206 37.3588829040002,14.4172153480002 37.3771095280001,14.428530693 37.3981933590001,14.4611473090001 37.4033393850001,14.4713583 37.4297447200001,14.480212212 37.44013977,14.4775438300001 37.443126679,14.4705858240001 37.4569702160001,14.4705781940002 37.4711265570002,14.468718529 37.4826507570002,14.4714679730001 37.5247726430001,14.4599952700001 37.548789978,14.446135521 37.5592193600002,14.452272416 37.572532654,14.4553813940001 37.5766677850002,14.4679155360001 37.5953636160001,14.4775819790001 37.6255039490656,14.4856054423237 37.6571693420001,14.4947452540001 37.670742035,14.5041685100001 37.6723060610001,14.5217046740001 37.6788597110001,14.5274353030001 37.6885070800001,14.5457658770001 37.698009491,14.562567712 37.700630188,14.5788517 37.7098731990002,14.588646889 37.7149627163142,14.6045202523233 37.7236747740002,14.6237573620001 37.7415351880001,14.6424379340002 37.7533187870001,14.6425418860001 37.7735557560002,14.6303892140001 37.7827415460001,14.6537294390001 37.7752189640001,14.67845726 37.7735748290001,14.698206902 37.781860352,14.7348861690001 37.7905475204956,14.7556898606861 37.8047599780001,14.7689285290002 37.832622529,14.8051548010001 37.8494529720002,14.812515259 37.8756599430001,14.799868584 37.9021263130002,14.8100347530001 37.9227981570001,14.8261213310001 37.9402961740001,14.8454771040002 37.9454689020002,14.8346557620001 37.9591865540001,14.8329696650001 37.9710464480001,14.830449104 37.974857331,14.8180046090002 37.9744644160001,14.8016271590001 37.9879226680001,14.8079471600001 37.9927558900001,14.7869281770002 37.994190217,14.7734594340002 38.0036468500001,14.771606445 38.0047760010002,14.766290665 38.015823364,14.7652120600001 38.0204620360001,14.7492494590001 38.01826477,14.7366371160001 38.030063628,14.7278680800002 38.0403709410001,14.7166032800002 38.0534896860001,14.7108278270001 38.0778617860001,14.7074203490001 38.0861282350001,14.7078647620002 38.1009483350001,14.7000675200002 38.109161377,14.6900911330001 38.1201477050001,14.6838207260001 38.1344451900001,14.6725492480001 38.1461181640001,14.6686353690001 38.1503067020001,14.6747617720001 38.1620025630002,14.6758546830001 38.1800003040001,14.6765747070002 38.187404633,14.6891546260002 38.2026863100001,14.6859092710001 38.21503067,14.6827554710001 38.2370529170001,14.6831388470001 38.2430610660001,14.6779308320002 38.2562065120001,14.6697711950001 38.26373291,14.6525087360001 38.2645072940002,14.63876915 38.2651138300001,14.6211433410001 38.2645072940002,14.614130973 38.278404235,14.6096754070002 38.2919616700001,14.602391243 38.2931365960002,14.5948057170002 38.3079223630001,14.585116386 38.3134307860001,14.568131447 38.315242767,14.5506725320001 38.329711914,14.5315275200001 38.3409423830001,14.5220117560002 38.3432083120001,14.507703781 38.3493118280001,14.509537697 38.3559188850001,14.5067386630001 38.3622322080001,14.4867658620001 38.3734436040002,14.480231286 38.3948059070001,14.481472969 38.4082069400001,14.4637365350001 38.4207801820001,14.4637479780001 38.4321746830001,14.4279985430001 38.438728333,14.4267721180001 38.4474105840001,14.410416604 38.4561843880001,14.409444809 38.4648208630001,14.4118156430001 38.4836997980001,14.4181957240002 38.506034852,14.4132528300001 38.520957946,14.4108638760001 38.5373535170001,14.4201393130001 38.5546531680002,14.4256916050001 38.5669822700002,14.4287557610002 38.5789756770001,14.433634758 38.6012916560001,14.4392986300001 38.6157760620001,14.4335289000001 38.6391258230001,14.4394884120001 38.654216766,14.4449930200001 38.6616439810001,14.4454746250001 38.684551239,14.4588766100001 38.7029418940002,14.465288163 38.7232360850001,14.4606657040001 38.7459487910001,14.4632692340001 38.7589225770001,14.4646272670001 38.7809753430001,14.4656209940001 38.7940406800001,14.4632186890001 38.8151626600002,14.4743356700002 38.816749572,14.4818925860002 38.8302192680002,14.4836912160001 38.8412551880001,14.4910402300001 38.8967742920001,14.4996519090001 38.913932801,14.5060157770001 38.9280853260001,14.5190639500001 38.9377632150002,14.5320167550001 38.9747314450001,14.541596414 38.9809341430001,14.5526971820001 38.993862151,14.565588951 39.0011711110001,14.5857782370002 39.0099639880002,14.5902757650002 39.0126724250002,14.6034488670001 39.0084686280001,14.6162385940001 39.0235176080001,14.6323699950001 39.0413932810001,14.6316328050001 39.0551910400002,14.6361875540001 39.067497254,14.633723259 39.080738067,14.6365137090002 39.0917358400002,14.6328029630001 39.1043815620001,14.6300325400001 39.1139526360001,14.617623329 39.1334304810001,14.615534783 39.157451629,14.620278358 39.1870574940001,14.615971566 39.2003211980001,14.611037255 39.215869904,14.5914707190001 39.2209854140002,14.5795688630001 39.2215385450002,14.572458268 39.2264671330001,14.5682191840001 39.2386322030002,14.5658826820001 39.2381591790001,14.560682296 39.2401275630001,14.555665971 39.2385406490001,14.547646522 39.232315064,14.540314674 39.2314529420001,14.5191669460002 39.218627931,14.4986639020001 39.20848465,14.493052482 39.21913147,14.4781856550001 39.2231101990002,14.4488077160001 39.2273902890001,14.436938287 39.239753723,14.411598205 39.246765137,14.405334474 39.2497482290001,14.3922595980002 39.260726929,14.3931007380002 39.2758445740001,14.402154922 39.283237458,14.403901101 39.292892456,14.4105834970001 39.3008308400001,14.4113893500001 39.2978858950001,14.4242029200001 39.2977142340002,14.4361829770001 39.3148117060002,14.4375572210001 39.3232917780001,14.450034141 39.317829132,14.4528417600001 39.3223571770002,14.4590387350001 39.3163070680001,14.459840775 39.3143348700002,14.4733457560002 39.3299827570002,14.480436325 39.324043273,14.4982328420002 39.344345092,14.5094385150002 39.3711471550001,14.4946146020001 39.3646469110002,14.5058212280001 39.3684234630002,14.5200033190002 39.364601136,14.5339889530001 39.3984642030001,14.5382013320001 39.4121856680001,14.531004905 39.428958892,14.52535534 39.4354782100002,14.519269943 39.4532623280001,14.5268688210001 39.452095031,14.5109386450001 39.4570808420002,14.5072431570001 39.4693183900002,14.5156087880001 39.472640991,14.4982509610002 39.4850959770001,14.5014247890001 39.4931144710001,14.508870125 39.5003852840001,14.5437994000001 39.4916801460001,14.5824747090001 39.4777717590002,14.5976114280001 39.490077973,14.6250352860002 39.4865798950001,14.640238761 39.4971122730001,14.65434742 39.5026741030001,14.6770105370001 39.5099868760001,14.6717815390001 39.5228385930001,14.6740407950001 39.5374450680001,14.669518471 39.5555114740001,14.6687803260002 39.5696296690001,14.669904709 39.5912246700001,14.6621465680001 39.6008224480001,14.6519870770001 39.6226882930001,14.6359443670001 39.6288070690001,14.6087646490001 39.6377790000001,14.5983880000002 39.6574249270002,14.589822769 39.6665458680002,14.5921525960001 39.673831939,14.5881929400001 39.680688511,14.5882635990001 39.709332,14.5513680000001 39.715199,14.551659 39.7287940000001,14.54679 39.738378553,14.5465708750001 39.7532141335502,14.5424730250101 39.7667846670001,14.5407609950001 39.7684898370001,14.5331888200002 39.7745285030001,14.5271453870001 39.779960632,14.518912316 39.7907593370001,14.506949608 39.79261,14.5001920000001 39.8010101310001,14.499225616 39.8067169180002,14.4933729170002 39.8131790000002,14.4823709990001 39.749406690056,14.4312110651236 39.7265620290907,14.4015976157242 39.6969485796913,14.3482934068052 39.6859492984858,14.3237565487314 39.7037173681254,14.3000657892118 39.727408127645,14.2992196906575 39.7443300987304,14.2907587051148 39.7976343076494,14.2230708207733 39.8254340566289,14.0913297777978 39.8377801974463,14.0338626066328 39.8493987385835,13.8592371416947 39.8647170067257,13.7050610016705 39.8555923851936,13.6420561747949 39.8248603705347,13.5332504570788 39.769299443464,13.4991158465627 39.6991152266284,13.4374477444521 39.6860485911438,13.4259666074154 39.6653943200643,13.3692714817256 39.6776038301046,13.2715410754308 39.7532264126557,13.1391073126142 39.7977786969975,13.0899466250152 39.7891733221067,13.0063810997332 39.7891733221067,12.9386932153916 39.8019567699987,12.9255786878005 39.8774853825949,12.8480939526818 39.8886489870001,12.755775452 39.8954877368935,12.7511090593389 39.867607117,12.7237377180001 39.826103211,12.6937418000001 39.8325729370001,12.6343774800001 39.8067359920001,12.5962829580001 39.8327636710001,12.549890519 39.7790201394555,12.5190283324738 39.7688669568042,12.4834921931945 39.8005339257939,12.4539710206746 39.8252716050002,12.3723039630001 39.8176116940001,12.3240299230001 39.77714157,12.3108854290001 39.7391090400002,12.3128376010002 39.7062644960001,12.3062067030001 39.6322746270001,12.3076543810001</coordinates></LinearRing></outerBoundaryIs></Polygon></MultiGeometry>
  </Placemark>
  <Placemark>
	<Style><LineStyle><color>ff0000ff</color></LineStyle><PolyStyle><fill>0</fill></PolyStyle></Style>
	<ExtendedData><SchemaData schemaUrl="#et_regions__zones">
		<SimpleData name="Region/Zon">EER</SimpleData>
	</SchemaData></ExtendedData>
      <MultiGeometry><Polygon><outerBoundaryIs><LinearRing><coordinates>42.973300934,4.43217420600018 42.9575996390002,4.42132425300014 42.94796753,4.39515447700001 42.9163475030001,4.37102460900013 42.9026680000001,4.35507440600014 42.8894081110001,4.34399461700008 42.8739089970001,4.33559465300016 42.829029084,4.30038452100007 42.8153495780001,4.28443479600014 42.7770271300001,4.26829481200002 42.7557983400001,4.25057458900011 42.730537414,4.24307489500006 42.7148284900002,4.23223495500008 42.6920089730001,4.22450494800006 42.652076722,4.21835470200011 42.6388168330001,4.20728492800009 42.611938476,4.20977497200005 42.5962295530001,4.19892501900017 42.574237823,4.20095491400002 42.545898437,4.18636512800003 42.5190162670002,4.18884515700017 42.4358787540002,4.16701507600004 42.3961563100002,4.16331529600018 42.3446388240001,4.16562557300011 42.2039070140001,4.16142559200011 42.1580467220001,4.14352560100014 42.1152458190002,4.13272571700003 42.078174592,4.13123560000014 42.042087556,4.1124358190001 42.0662205022915,4.17313863081167 42.0670874272647,4.18408945850456 42.0620480198072,4.19864774671506 42.0588123602916,4.23040868081178 42.0415763850001,4.25023603400007 41.9815368660001,4.2680959700001 41.9275663189737,4.32134930121975 41.8901587681744,4.37333943419878 41.8608055110001,4.38257599000013 41.8592365458389,4.47070469200917 41.7212371840001,4.55069637300011 41.6088447570002,4.73325681700015 41.4845542910002,4.94787693000006 41.4041557310001,5.01484728000008 41.3714036718496,5.07309173583543 41.3275451660001,5.15108728400003 41.3044548040001,5.26099729500004 41.2582664490002,5.37641763800002 41.1774253840002,5.50601768600001 41.1277847300001,5.61463785100011 41.0073547370001,5.6894278530001 40.922294616,5.68337821900013 40.8747940070001,5.80789852200007 40.8775367740001,5.94434833600013 40.8666763300002,6.0766382220001 40.7412415330285,6.19534512741614 40.7393897402308,6.28479829251925 40.8619461060001,6.34571838400012 41.102835722248,6.36439045627252 41.2982684324592,6.3157708071794 41.5946386493689,6.00116217264132 41.7320271273489,5.79813700866075 41.7433814464963,6.00820113610576 41.9014713080124,6.22838502795745 41.8303552525421,6.31154043889282 41.6903305050001,6.42941665600006 41.7380965584947,6.63788518411196 41.5458093675143,6.93486233928939 41.5750859758002,7.1465257879078 41.7081319405369,7.61716688163101 41.7446113721293,7.79769408899973 41.9013199766445,7.86662825089676 41.7373436280915,8.17566638806515 41.7641157399482,8.42330842273974 42.0697250360001,8.49397373200014 42.2156181330002,8.61120319500003 42.4724255885576,8.65788582783363 42.3688919405517,8.73383449136884 42.2593998092974,8.97213671580236 42.3623030726108,9.11395186785545 42.4233789944198,9.06583910730085 42.4016028276463,9.14394171796283 42.3631417427422,9.21643223649486 42.4457316756982,9.27846415086696 42.5320587160001,9.38357162500006 42.5056192775166,9.48843019367217 42.6173645378647,9.58484859283279 42.3842391970001,9.57147121500009 42.3954200750001,9.62982177700007 42.3765716550002,9.71383953100013 42.4485359190002,9.721988678 42.4989585870001,9.72105407700008 42.5951347340001,9.74813270600009 42.6474266050001,9.7752122870001 42.6637954710002,9.77654934000014 42.6621818530001,9.79092025800009 42.6763114930001,9.8044395440001 42.7016944900001,9.84099960300006 42.7298240660002,9.86618995800001 42.8669533775996,9.83487502905865 42.8859911391057,9.88862870860514 42.8856162381958,9.94482192040894 42.8434361427981,10.0409308006535 42.77004242,10.109708786 42.802234649,10.1236286160001 42.8297843940002,10.14921856 42.8836746220001,10.1864385620001 42.9085655210001,10.1587781910001 42.970275878,10.0898485180001 42.9939231880001,10.0804786690001 43.0034193363057,10.0683300641973 43.052036286,10.0032777790001 43.0629653940001,9.99651813500014 43.0656661980001,9.97758865300011 43.0781059260001,9.95488834400015 43.0810432430001,9.93880844100005 43.0922164920001,9.93490791300013 43.0982551570001,9.92141819100004 43.1364059450001,9.91357803300008 43.1428146360001,9.90435791100015 43.158264159,9.90005779200004 43.1672744740001,9.88772773700015 43.199733735,9.88041782400006 43.2133941650002,9.87196826900004 43.222286224,9.85821819400019 43.231544495,9.84873771700012 43.237945556,9.83952808400005 43.2513656620002,9.82822799700011 43.2496147150002,9.79103755900013 43.2561454780001,9.78324794900004 43.26360321,9.76962757100006 43.2649955750001,9.75225830100015 43.2741355890001,9.74135780300008 43.274215698,9.72554779000018 43.2720527640001,9.71712780000018 43.2749938970001,9.70104789700014 43.2872238150001,9.69273758000008 43.2888641360001,9.67821788700013 43.2980041500001,9.66731834400008 43.3010635380001,9.65266800000006 43.3069725030001,9.63774776600013 43.3177833570002,9.62956810000014 43.3291339193846,9.61351703618212 43.3450660700001,9.59543800299997 43.3564453130001,9.57714843800005 43.355342864,9.56431770300009 43.3677024840001,9.55742836000019 43.379325866,9.54198837300015 43.387973786,9.52537822800008 43.405426026,9.51083755600013 43.4154624940001,9.47685813900017 43.4472732550001,9.45709800800012 43.4556732180001,9.44705772500009 43.4662437440001,9.44052791700017 43.4824829100001,9.43531799300001 43.492412567,9.421438217 43.4968338020001,9.40807819400015 43.5342941280001,9.40553760500018 43.546253205,9.40090751700006 43.554103851,9.38960743000007 43.5695533750001,9.38465786100005 43.5819015510002,9.37763595700011 43.597515107,9.3609275820001 43.6109237680001,9.35263729100012 43.624473573,9.34609699200013 43.628826142,9.33512783000009 43.653736114,9.31695747400016 43.666835785,9.30517768900012 43.6822433470001,9.27908706700015 43.7096328740001,9.26949691699997 43.724643707,9.25929737200011 43.7358436590002,9.24592685800013 43.7610549930002,9.23126697600009 43.7705039980002,9.21805763200013 43.8040161140001,9.19733715100017 43.8217659000002,9.17806720800013 43.8840827930002,9.1229667660001 43.958503723,9.06498718400007 43.9755134580001,9.03698635199999 44.0183830260001,9.02447700600004 44.0530662540001,8.99822616599999 44.0612449650001,8.98594665499996 44.1214942930002,8.96192646000003 44.1563644420001,8.93795680900013 44.3193883223972,8.88272204534342 44.4448825967255,8.83587084959417 44.5185059043315,8.81579176570164 44.6523664636151,8.77061382694344 44.7703310814837,8.73212891614941 45.0631510549165,8.63340675367778 45.2940605196807,8.54807064713451 45.5115839285165,8.47946711050168 45.9800958860089,8.31548792537932 46.228523254,8.23985385900011 46.325929,8.22467 46.3720563361611,8.19292185078531 46.999328614,7.98508787100019 47.9462127690001,7.99999952400003 46.9236763808735,6.92160757624172 46.1772499090002,6.15344572100003 46.0775631057373,6.06788547215872 45.945320129,5.90971660600013 45.7998024452239,5.78677829766323 45.6682281490001,5.62232780400018 45.5332221980001,5.48201036600017 45.4588526384553,5.41462159409857 45.3639189990568,5.29735062778271 45.1932467859702,5.12333190071407 44.993648529,4.92951393100014 44.9571151720002,4.91840076500006 44.8270339970001,4.91256094000016 44.731292725,4.91840076500006 44.6782455440002,4.91310119700017 44.62644577,4.92226123900008 44.5038649056599,4.92254106178873 44.3833122240002,4.93639183100009 44.122852326,4.94327211400014 44.0778312690001,4.93513202700012 44.0289611820002,4.9396524440001 43.8936614990001,4.91281271100007 43.8437538160001,4.90513277100007 43.6447019285379,4.84985117705427 43.397472381,4.78406381600007 43.2704315180001,4.70971393700012 43.1502993234397,4.64601495574448 43.0330390940001,4.55456447600011 43.0127983100001,4.51953458800006 42.9992675790001,4.47651433900006 42.973300934,4.43217420600018</coordinates></LinearRing></outerBoundaryIs></Polygon></MultiGeometry>
  </Placemark>
  <Placemark>
	<Style><LineStyle><color>ff0000ff</color></LineStyle><PolyStyle><fill>0</fill></PolyStyle></Style>
	<ExtendedData><SchemaData schemaUrl="#et_regions__zones">
		<SimpleData name="Region/Zon">EAAZ</SimpleData>
	</SchemaData></ExtendedData>
      <MultiGeometry><Polygon><outerBoundaryIs><LinearRing><coordinates>38.7848755923816,9.01375227249149 38.7877384189469,9.01567531767576 38.7879944079663,9.01796013158586 38.7888949362373,9.01805550477093 38.7918863253928,9.01460485999645 38.7925746768491,9.01794850383469 38.7941210077914,9.01861075219687 38.7955206027395,9.0165416723874 38.7967427450957,9.01672969428835 38.7990246388492,9.01895467066422 38.8029595484556,9.01830329052114 38.8030246476402,9.02048977400323 38.8051454077092,9.02199317801705 38.8077302902519,9.02012800269942 38.80927341896,9.01997490489058 38.8097709803897,9.02072258945628 38.8147394614537,9.02217251243939 38.816271454844,9.02060276278132 38.8163593003827,9.01605905462436 38.8213559841252,9.01658708468302 38.8269202601978,9.01926798995114 38.8298095257275,9.02310649860786 38.8341894583335,9.02309274950721 38.8421500341746,9.02180628561394 38.8490878223096,9.02086001684736 38.8525152054372,9.02423075902248 38.8535253229172,9.02757613209947 38.8529620115306,9.02976021965248 38.8539640494108,9.03319794297748 38.8527127579905,9.03792743947575 38.8632683997128,9.03959539543381 38.8693943851077,9.03593973410509 38.8679090346044,9.03872825669925 38.8686611222082,9.04173660711441 38.8699534943728,9.04827623499214 38.8649006841893,9.05395803067602 38.8579438738542,9.06523934473288 38.8519051330294,9.0769407724313 38.8432781655803,9.08742592904472 38.8447823407879,9.09945933070538 38.8466625597973,9.10660416294139 38.8468932878696,9.10868071559126 38.8585549450321,9.10783805666633 38.869836259089,9.10783805666633 38.8867582301743,9.10501772815211 38.9081927268824,9.10276146534074 38.9208842051963,9.09937707112368 38.9282170593333,9.09486454550093 38.9313194206989,9.08950592132392 38.9341397492132,9.07907070582132 38.9361139791731,9.0593284062218 38.9423187019044,9.04353456654219 38.9485234246357,9.02435633264552 38.9524718845556,9.01081875577728 38.9513437531499,9.00348590164031 38.9496515560413,8.99333271898913 38.94739529323,8.98712799625786 38.9484172243269,8.97712952833499 38.9331526342333,8.97611696368364 38.9177507328297,8.97471327486279 38.9033898406978,8.95864371367463 38.8983089411092,8.94961707351941 38.8880929645988,8.93758536658861 38.8804487582538,8.94202838286078 38.872493761144,8.95120186183201 38.8669145051005,8.96263687731941 38.8669838487938,8.9627246129718 38.8633024980312,8.95806686119264 38.8587899724085,8.95092202895663 38.85314931538,8.94415324052251 38.8467565707478,8.94302510911682 38.8411159137194,8.94076884630545 38.8341591033843,8.93888862729597 38.8256626156592,8.9392131038385 38.8206610954208,8.94486298930097 38.8189878764559,8.94512619450417 38.8138762362408,8.94118584746449 38.8091521905582,8.94283708721587 38.8042636211336,8.94528137192819 38.8014075919489,8.95377014814061 38.7995087284469,8.96001088508468 38.7960488199457,8.96066966071235 38.7895766355454,8.97146646702713 38.7836752229798,8.97686905128742 38.7780345659514,8.97790317174263 38.7770004454961,8.97884328124737 38.7748381936352,8.97959536885116 38.7746501717343,8.98250970831585 38.7721217708942,8.98467528576352 38.7708897337153,8.98674020108718 38.7703256680125,8.98852640914618 38.7720583219981,8.99060430975245 38.7729579746258,8.9913467376604 38.7735220403286,8.99426107712509 38.7744621498334,8.99717541658978 38.7736160512791,9.00084184365826 38.7738980841305,9.00450827072674 38.7754962702886,9.00761063209238 38.776628839487,9.01218325567774 38.7845844064311,9.01271910674833 38.7848755923816,9.01375227249149</coordinates></LinearRing></outerBoundaryIs></Polygon></MultiGeometry>
  </Placemark>
  <Placemark>
	<Style><LineStyle><color>ff0000ff</color></LineStyle><PolyStyle><fill>0</fill></PolyStyle></Style>
	<ExtendedData><SchemaData schemaUrl="#et_regions__zones">
		<SimpleData name="Region/Zon">WR</SimpleData>
	</SchemaData></ExtendedData>
      <MultiGeometry><Polygon><outerBoundaryIs><LinearRing><coordinates>35.3582763680001,8.71217823100005 35.2676162720001,8.7185888300001 35.223815917,8.72299861900001 35.206363679,8.72798919700011 35.1850852970002,8.69759845800013 35.1425933830001,8.64668846100017 35.1053428650002,8.6118392950001 35.1267738350001,8.57101917200009 35.1901550300001,8.53958892900005 35.1898422250001,8.49710845900006 35.1665916450002,8.47935867400008 35.0981140140001,8.47637844200005 35.0340843210001,8.48093891100018 34.9921607970001,8.445261002 34.95759201,8.35327911400003 34.971771241,8.29439926200013 34.9647903440002,8.24734687800003 34.82642746,8.26193523400008 34.7801847571631,8.28386223731412 34.795070649,8.32690906600004 34.767639161,8.36337948000016 34.7287521360001,8.39002227800012 34.6674270630001,8.39503955800012 34.574272155,8.40347957600017 34.522686005,8.47554493100006 34.4363517770001,8.42177391100012 34.3291893000001,8.38696003000007 34.3132972710001,8.38992881900009 34.3574333190001,8.49992847600009 34.3454704280002,8.60009956500005 34.31242752,8.68209934200007 34.2793884270001,8.70883655500012 34.255733491,8.70263862700011 34.2351760870001,8.68614768999998 34.2235183710001,8.66976737900012 34.1896400460002,8.65163230900009 34.1415748590001,8.65195179000017 34.1415672310002,8.73600006100003 34.1447143560001,8.96223831200007 34.1346778860001,9.1717500690001 34.1220550540002,9.25692367600016 34.1170234680001,9.34409618300003 34.278132592423,9.33451525957036 34.3754695863115,9.32814200365481 34.4462653031825,9.33582474024947 34.4662704460002,9.3658103950001 34.4346668490692,9.40032222045907 34.4070732984999,9.46044248317226 34.4425177089528,9.49778848794397 34.4987335200001,9.51423072800003 34.5232315060001,9.54111290000009 34.532142638,9.59056472700019 34.5484657280001,9.62966251400013 34.5853958130001,9.63035965000012 34.6320152280001,9.58802127800016 34.7351379400002,9.54530143800008 34.7829856870001,9.55333137500003 34.7920570370001,9.60331440000004 34.8108558660001,9.63011837100009 34.809959411,9.70224094500009 34.8382941617031,9.78663237319426 34.927663787793,9.76431481830494 34.9338146660773,9.79612014321277 34.8697280890001,9.82066726700015 34.8976821900002,9.88175678200002 34.9276542660001,9.93527984600007 34.9881820680001,9.99676704400002 35.0152004593771,9.99258335326699 35.0196533200001,9.92879199900017 35.04851532,9.91774082100005 35.2207984930001,9.92542552900017 35.2307434090002,9.89325237300017 35.2594632198262,9.9039580393857 35.2974548350001,9.92248344300009 35.3246917720001,9.88479614200014 35.3498001100001,9.86607551500009 35.3637886060002,9.81304359500012 35.4196281430002,9.78514480500019 35.3788299560001,9.76540660800009 35.3650817870002,9.72746658300002 35.4002761830002,9.71613883900017 35.45537567,9.67223072100018 35.5343300654364,9.7310342314918 35.6184978972087,9.7220199092407 35.6247558600001,9.65116882400002 35.6534385690001,9.63492870400012 35.6435813900002,9.59455013399997 35.6474914550001,9.55331039400016 35.6864852900002,9.51041507700006 35.7318534860001,9.48149871900011 35.7528915410001,9.48169422100011 35.7773246760001,9.44013977100019 35.8551509743155,9.41665221732364 35.9965394552727,9.45135581569427 36.1537575895279,9.56040111244621 36.2007789620001,9.61492919900013 36.1918640140001,9.68787765500002 36.1590576170001,9.74693679700005 36.1052856440001,9.77332401400008 36.1523437500001,9.84893131200005 36.119800567,9.96133327600012 36.139900207,10.0097055430001 36.184566497,10.049661637 36.2589187610001,10.07845211 36.2718925470001,10.1130876550001 36.3694229120001,10.1616525650001 36.4453506470002,10.245843888 36.490913392,10.234269143 36.5493431100002,10.2788267140002 36.6105689990001,10.25922203 36.6596908560001,10.2770404820002 36.6554374690001,10.321976661 36.6457412757346,10.3305586290199 36.6916542060001,10.357319832 36.7180137640001,10.3579225550001 36.7235183720001,10.3607997900002 36.745716095,10.3599700930002 36.7524185180001,10.365983963 36.7666130060001,10.362340927 36.7698431501401,10.3523902731463 36.7765998840002,10.345968247 36.7919578560001,10.3433856960001 36.8065986630001,10.3353710180001 36.8170089730001,10.3417415620002 36.833580017,10.3424701690001 36.8396110540002,10.3408012400001 36.8692398080001,10.3406925200001 36.8787803650002,10.327615738 36.8887367240002,10.315516473 36.8979606630002,10.312848091 36.9246368410001,10.3137941370002 36.9307708740002,10.310939789 36.9536743170001,10.3125028620001 36.9647483830001,10.3118820200001 36.9799194340001,10.314026833 36.9896087650001,10.30878067 37.0016059880002,10.2953348170001 37.030799866,10.2861032490001 37.0458717350002,10.2883996970001 37.0507698060002,10.2836036680002 37.061840058,10.2817344670001 37.0781021120002,10.2633743290002 37.0871009820001,10.2594938280002 37.1146049500001,10.2506971360001 37.1410179130002,10.2450761800001 37.1662254340001,10.2441329960002 37.181812287,10.2412643440002 37.1903686530001,10.2362709050001 37.199897767,10.2232961660001 37.1709556580001,10.1739606850001 37.1677017210001,10.1632738110001 37.1821022030001,10.1373443610001 37.1907386780001,10.1115560530002 37.2133140560002,10.0879077920001 37.2301826490001,10.0796833040001 37.2618827820001,10.076671601 37.282508851,10.064890861 37.2877120970002,10.0628795620001 37.2965393060002,10.05284977 37.2997245800001,10.0387754450001 37.3056106560001,10.0266532900002 37.3178215030001,10.0180501940001 37.323253632,10.0081014630001 37.3393020620001,10.0045185100001 37.3493003850002,10.0119485860001 37.3569831850001,10.0402317060001 37.3675422680001,10.043560982 37.3804016110001,10.0430994030002 37.3982772830001,10.046150208 37.4183692920001,10.0372037890001 37.4342460630001,10.0250368110001 37.4444694520002,10.0145587930002 37.461330413,10.012113571 37.4757499690001,10.0149393080001 37.47807312,10.0091829310002 37.4933242790001,10.0009117130001 37.5108337400001,9.99943637900003 37.5292358400002,9.99617671900012 37.5513610840001,9.97342777300014 37.5529289250001,9.95855426800006 37.5743217470002,9.94194793800006 37.5869331360001,9.93939781299997 37.5896682740001,9.92684936500018 37.592395782,9.91876411400011 37.6057968150001,9.91311836200015 37.6128273020001,9.90941047800015 37.6182250970001,9.89388942800002 37.6366233820002,9.885549545 37.6475639340001,9.87349986999999 37.6669273370001,9.859464645 37.6722581955377,9.85694964010155 37.6710968020002,9.8543720240001 37.648059845,9.82631492700006 37.6465377810001,9.78090476900019 37.6500701900002,9.75855445900009 37.6276588440001,9.71123504700012 37.6216773990001,9.68885421800007 37.6252784730002,9.64484500800012 37.6246376030001,9.62248420800006 37.6201591500002,9.56161499100011 37.6279182440002,9.52407455400004 37.6396179200001,9.48769473999999 37.6604080190002,9.39302921300009 37.6492996210001,9.36988449099999 37.6246871950001,9.35210514100015 37.5987663280001,9.33426475500016 37.5765266410002,9.32818508200012 37.541976929,9.32574462800017 37.5160179130002,9.32148456600009 37.474235535,9.29587459600015 37.4246482840001,9.25216484000003 37.337295533,9.17014503400009 37.313007355,9.15688514800007 37.2900062931311,9.17170040915377 37.2470855710001,9.17108535800008 37.2282891060777,9.1091928484415 37.2283095075606,9.07056274658971 37.2207246360433,9.02286903331732 37.2060347092316,8.97959265000299 37.143863679,8.92745590200002 37.1773338320001,8.90826606800016 37.1870155330001,8.87210559800013 37.1526031490002,8.84838581200006 37.113506317,8.835475922 37.0640029920001,8.81696605700017 37.045772552,8.80186557700006 37.0171241750001,8.74263572700016 37.013183593,8.70108604400002 37.0047225960001,8.68072605100002 36.9691463651448,8.65793690180454 36.9439430230001,8.65427589400008 36.8706817630001,8.65488338500018 36.8450317380002,8.65061664700011 36.7945137010001,8.61404609599998 36.759342193,8.56972599100015 36.7256431590001,8.54964637800009 36.6988334650002,8.53998661000003 36.654155732,8.51468181700017 36.6223411560001,8.51103687400013 36.6033096310001,8.55013656600016 36.583560944,8.55690670100012 36.5483703620001,8.55364704100009 36.5343627930001,8.56899643000008 36.5061416630001,8.59348678500004 36.4819717410001,8.60322666100018 36.4403686510001,8.61974716300017 36.4123001110001,8.65531730700019 36.385528564,8.70265674600012 36.3526916500001,8.76000690500001 36.3368988030001,8.78930664100011 36.3191604610001,8.83764743900002 36.2857513430001,8.87016678000009 36.2617721550001,8.92347431300004 36.2221336370001,8.95019436000007 36.1742935180001,8.97942257000011 36.1565132150001,9.00645923600018 36.1314277650002,9.0207881930001 36.1286849980002,9.05111694400017 36.09697342,9.03241443700017 36.0865440360002,9.01261711200004 36.0639419550001,9.01990795200004 36.0396270750001,9.00940990500015 36.036373138,8.97156333900006 36.0118217470002,8.93669605300011 36.0085983290001,8.91019344300003 35.9985771190001,8.89201736400008 35.981597901,8.89422798200019 35.9648475640001,8.88474750600005 35.928478242,8.8320674900001 35.8818588250002,8.79485797900003 35.88922882,8.76701736400003 35.9047164910002,8.741177558 35.9067687990001,8.71315765500009 35.8695793150001,8.69305801300004 35.8588027950001,8.66596412600012 35.8355369570002,8.66421794900015 35.7681083670001,8.67535781900011 35.7452087390002,8.70033836400012 35.7307167050002,8.70964813300014 35.706436157,8.71008777599997 35.6655769350001,8.6936683670001 35.638717651,8.66358852500014 35.611396789,8.66082859100004 35.5689468390001,8.67402839700009 35.522186279,8.69736862299999 35.4823646550001,8.72201824300009 35.444854737,8.77464866700018 35.4043235780001,8.77106857400003 35.3582763680001,8.71217823100005</coordinates></LinearRing></outerBoundaryIs></Polygon></MultiGeometry>
  </Placemark>
  <Placemark>
	<Style><LineStyle><color>ff0000ff</color></LineStyle><PolyStyle><fill>0</fill></PolyStyle></Style>
	<ExtendedData><SchemaData schemaUrl="#et_regions__zones">
		<SimpleData name="Region/Zon">NEER</SimpleData>
	</SchemaData></ExtendedData>
      <MultiGeometry><Polygon><outerBoundaryIs><LinearRing><coordinates>41.3393394088749,10.9238005814954 41.3182809559688,10.9057504790044 41.267138998911,10.8395667698707 41.220058441,10.83446312 41.1257465293982,10.6831325482822 41.0870399480001,10.6005640030001 41.0685878715101,10.5176732754481 41.030437469,10.4004449850001 40.989948273,10.2399053570001 40.939228803658,10.1205710206464 40.936557769,10.0352458950001 40.8760534449396,9.97015349988814 40.8158864366363,9.84681113286639 40.7105941721055,9.78062742373277 40.6925440696145,9.7776190733176 40.6684772662932,9.75355226999629 40.6383937621415,9.75355226999629 40.5902601554989,9.75355226999629 40.5631850017624,9.74753556916596 40.5451348992714,9.74753556916596 40.5300931471956,9.7355021675053 40.518059745535,9.72346876584464 40.518059745535,9.70842701376882 40.5391181984411,9.66931845837168 40.6414021125567,9.60614309965322 40.6534355142174,9.56101784342574 40.6929817200001,9.49889659900003 40.693561555,9.44438266700007 40.6755447380001,9.41751670799999 40.635971069,9.39594745700015 40.5284118660002,9.38545799299999 40.47102356,9.35475731000008 40.4257698060001,9.30427742000012 40.3695297240001,9.21826839400012 40.3270225520001,9.15465831800003 40.245498657,9.07486820200018 40.3461293463174,9.0128508395632 40.3384805003469,8.99571521891664 40.2691659722856,8.99331019090142 40.222328186,8.98774909999997 40.169891357,8.96449852000001 40.1522483820002,8.93195915300004 40.1359992428089,8.91168420850251 40.0899772640001,8.85866928100012 40.0669555660001,8.84396934500012 40.0403480530001,8.841109276 40.024219513,8.84504890500011 40.0104103080001,8.85608959300004 40.0109176640001,8.87077903800014 40.0192680360001,8.88912963900015 40.0366172790002,8.90652942600013 40.05109787,8.96135902300006 40.0474586490001,8.97788906000005 40.034820557,8.99444961600017 39.999557495,9.00715923399997 39.9476280210002,9.00359916700006 39.9518699650001,9.02998924200017 39.942459107,9.04768943800008 39.9283981330001,9.05414962900016 39.918746948,9.06840992000014 39.912280661753,9.11898129214048 39.90901947,9.13179969800012 39.877658845,9.14472961400008 39.8490066530001,9.13812923400019 39.8174209600001,9.13631439200014 39.8130149840001,9.17111015400019 39.8406143190001,9.19282722500003 39.862957001,9.24226284100013 39.8570060720002,9.27007389200003 39.8728904720001,9.39776325300011 39.8746414190001,9.41350555500003 39.9301718812741,9.50119757745813 39.9861927932288,9.54555304207277 39.956861376681,9.57939698424337 39.8771476740001,9.57656955700003 39.8837966930002,9.61063289700007 39.857662201,9.655152321 39.8499183650002,9.68772506800008 39.8484535220001,9.70869732000006 39.8497734060002,9.74835872600016 39.8758010860001,9.75280857000013 39.9489402780001,9.731398582 39.991153716,9.75672531100008 40.0352058400002,9.8427982340001 40.0584297180001,9.86433887599998 40.063560486,9.90241336800011 40.077823639,9.90546226600014 40.0888442990001,9.93480587100004 40.0775338677913,9.94805237491107 40.0804214490001,9.94839096000004 40.2377906192024,9.91225887788906 40.2997267220155,9.92221289441261 40.3069856373199,9.95408056520481 40.2930907109998,9.97198297703031 40.2123525769755,10.0306010743356 40.1581459040002,10.0902786260002 40.1513035033342,10.1385300500356 40.1885318397221,10.2265242996797 40.163440704,10.3815088280002 40.152900695,10.4392862330001 40.122536152489,10.6102299940411 40.1025466930002,10.739684104 40.140422821,10.782155992 40.1457203515579,10.8498870839919 40.1493110650001,10.895795822 40.144126892,10.9521150590001 40.172798157,11.0070219040001 40.1937980640002,11.096366883 40.1959991450001,11.1630420700001 40.1728744510002,11.239979745 40.145618439,11.255625726 40.1228027350002,11.2961063380001 40.1025772100001,11.3169145580001 40.0712356560001,11.3256454470002 40.0701866140001,11.3736639020001 40.0670089730002,11.43626213 40.0548782350001,11.4876852050002 40.0011851713869,11.523076877572 40.0094337470001,11.5540847790002 39.993312835,11.583797456 39.9829944809883,11.6073024959794 39.9500312810001,11.6823921210001 39.9239463810001,11.7007961280001 39.885108947,11.7617883690001 39.8737777649457,11.8367020724404 39.8833656300001,11.9265909190001 39.8579292300001,12.020577431 39.8286018360001,12.0998373030001 39.8000085998221,12.1944870180631 39.8036270140001,12.2296867370001 39.8176116940001,12.3240299230001 39.8252716050002,12.3723039630001 39.8005339257939,12.4539710206746 39.7688669568042,12.4834921931945 39.7790201394555,12.5190283324738 39.8327636710001,12.549890519 39.8067359920001,12.5962829580001 39.8325729370001,12.6343774800001 39.826103211,12.6937418000001 39.867607117,12.7237377180001 39.8954877368935,12.7511090593389 39.8886489870001,12.755775452 39.8774853825949,12.8480939526818 39.8019567699987,12.9255786878005 39.7891733221067,12.9386932153916 39.7891733221067,13.0063810997332 39.7977786969975,13.0899466250152 39.7532264126557,13.1391073126142 39.6776038301046,13.2715410754308 39.6653943200643,13.3692714817256 39.6860485911438,13.4259666074154 39.6991152266284,13.4374477444521 39.769299443464,13.4991158465627 39.8248603705347,13.5332504570788 39.8555923851936,13.6420561747949 39.8647170067257,13.7050610016705 39.8493987385835,13.8592371416947 39.8377801974463,14.0338626066328 39.8254340566289,14.0913297777978 39.7976343076494,14.2230708207733 39.7443300987304,14.2907587051148 39.727408127645,14.2992196906575 39.7037173681254,14.3000657892118 39.6859492984858,14.3237565487314 39.6969485796913,14.3482934068052 39.7265620290907,14.4015976157242 39.749406690056,14.4312110651236 39.8131790000002,14.4823709990001 39.8313140860001,14.484855652 39.8798217770001,14.452104568 39.9113947450002,14.422938818 39.9384650000001,14.40875 39.9531978840001,14.4130957090001 39.984256745,14.432340622 40.0102200000002,14.4396310000002 40.0361635917407,14.4720000662609 40.05526,14.4869 40.0753097540002,14.4939508440001 40.0890502930001,14.490250588 40.1061077388937,14.5075362055403 40.1154148229906,14.5175483717658 40.1180941350791,14.5214968316857 40.1203503978905,14.5200866674286 40.1481306337557,14.5088053533717 40.2947877164958,14.4391432390701 40.356834943809,14.4075555597107 40.466867144,14.349735622 40.6505317690001,14.2293891910001 40.7708830177481,14.1383685716121 41.0155906680001,13.9324779510001 41.1686401370001,13.7894277580002 41.2503740000001,13.7127170000002 41.3784639510001,13.5699270480001 41.531223,13.433137 41.7864230000002,13.1753259990002 41.8787120350001,13.08956985 41.9725532530001,12.9831657420001 42.0275975556405,12.8936032132705 42.066424666,12.8246924940001 42.2341310000001,12.6236260000001 42.2740942677844,12.6025453106017 42.2723022640522,12.5725395990335 42.2990493553552,12.5282247718554 42.3157044390002,12.511404511 42.3479256699513,12.5132900564065 42.3586721625748,12.4950194137928 42.3547935490002,12.4449157720002 42.337020874,12.4027853010001 42.319320679,12.3873062130001 42.3114929200001,12.3695058820002 42.2949104310001,12.3456163420001 42.2813301090001,12.3165359490001 42.26620102,12.2892265320002 42.24394604,12.2600615210001 42.2292900080001,12.23503685 42.2113687810001,12.2131726130001 42.1990890500001,12.2070569990001 42.1804199210002,12.1766471870001 42.1329645377544,12.1157554275334 42.1116485600002,12.0945873260001 42.0896606450001,12.0643978120001 42.0780601490001,12.0401773450001 41.9968795780002,11.895648002 41.9421577460002,11.8243188870001 41.8800708300001,11.7982246200001 41.8749135220001,11.7687942030001 41.8053502186106,11.7092797237443 41.7888201068535,11.7197533199612 41.7996759321229,11.690487250964 41.7482339870001,11.492749006 41.7741382560002,11.3677334930002 41.7638244620002,11.084970474 41.755091652,10.9728004200002 41.6995430000001,10.9693117140001 41.6341819770001,10.965301514 41.4840736380001,10.9669017790001 41.4100799560001,10.958472252 41.3393394088749,10.9238005814954</coordinates></LinearRing></outerBoundaryIs></Polygon></MultiGeometry>
  </Placemark>
  <Placemark>
	<Style><LineStyle><color>ff0000ff</color></LineStyle><PolyStyle><fill>0</fill></PolyStyle></Style>
	<ExtendedData><SchemaData schemaUrl="#et_regions__zones">
		<SimpleData name="Region/Zon">SSWR</SimpleData>
	</SchemaData></ExtendedData>
      <MultiGeometry><Polygon><outerBoundaryIs><LinearRing><coordinates>36.5428276070001,4.43965291899997 36.4539413450001,4.44306850400005 36.3971786500001,4.43915319400014 36.2650985710002,4.44363021800018 36.2440757750002,4.45470094699999 36.209438325,4.4448142060001 36.1436386110001,4.44789981800011 36.0490798960001,4.44937515200019 36.0163688650002,4.47491741200002 35.965358735,4.51151037200015 35.8731613150001,4.62411260600004 35.8458938600001,4.65123510400014 35.7862930290001,4.73145341800006 35.7985839850001,4.87834358300006 35.8077621450001,5.08652019600015 35.833950042,5.12164258900015 35.8420028690001,5.13612222800015 35.857883454,5.16450500500008 35.8488731390001,5.19520282900004 35.8276023870002,5.22275543200004 35.8237838740002,5.25586843400015 35.8418083180001,5.27385997700009 35.8542671200001,5.28890800500017 35.8576164240001,5.30945825500015 35.8351097110001,5.32744979800009 35.8078918460001,5.33986568500006 35.7625274660001,5.35189485600011 35.7404060360001,5.36968660300005 35.738769532,5.56045627700007 35.7463569650002,5.60444831800015 35.793994903,5.65929412800006 35.8440589910001,5.67048597300015 35.8774366302219,5.66171296951854 35.9369201650001,5.65436935500014 35.954265595,5.66945552900017 35.9554100040001,5.71702814100007 35.9678154000002,5.74787235400015 35.952274322,5.78136539600007 35.9615402210001,5.87654781400005 35.9766845710001,5.91720199600007 35.9667472850002,5.94652700500018 35.9959487910001,5.97186946800014 35.9930076610001,5.99843549800016 35.978224779371,6.02455030645534 35.902694775239,6.05987087780279 35.9018348725058,6.06969961101806 35.9444338806984,6.10764023843359 35.934921264,6.12706709000014 35.9748382570001,6.16922092500016 35.9641036990001,6.21367836100012 35.9703407290001,6.23751735600018 36.0032272340001,6.25609874700012 36.0344772340002,6.2794408800001 36.0376586910001,6.31886434500018 36.0576362610001,6.35116767900007 36.0785484320002,6.37724971900019 36.119918823,6.41604328200003 36.164295197,6.42924451800019 36.1891365060001,6.42191410100003 36.2277870170001,6.3924612990001 36.2553749080001,6.39435148300015 36.2919349680001,6.42182397800013 36.312393189,6.44880628700002 36.3349227900001,6.45850706100015 36.3712539670001,6.45163679200004 36.4873924250001,6.53077364000018 36.5504112250002,6.58034849100017 36.6051597600001,6.62668228200016 36.6534690870001,6.65065479300011 36.676036834,6.68359756400008 36.6844406130002,6.70099401400006 36.67950821,6.71930074699998 36.6836776730001,6.7550039300001 36.695667267,6.78610706300009 36.7046585080001,6.80429840000005 36.709976197,6.83332109500003 36.724949478145,6.86455653701999 36.7502975470001,6.890436174 36.7620658880001,6.92267894700018 36.7627754210001,6.93650055000006 36.7861442560001,6.96804428100006 36.7918243400001,6.98439455100004 36.816726685,7.02031803200009 36.815624238,7.05233097000013 36.8192253120001,7.07478284900014 36.831565857,7.09009409000004 36.8523559570002,7.13935852100008 36.8526344300002,7.16745138200002 36.8575134280001,7.19347333900004 36.8667640690002,7.21925592399998 36.8986129770001,7.22119617500005 36.9323043830001,7.22011614000013 36.964645386,7.22473287600019 37.0032920840001,7.23443651300011 37.0395126340001,7.24001646000016 37.1048316950001,7.22449588800015 37.1285896310001,7.228446007 37.15417862,7.24066639000011 37.182750701,7.26485776900006 37.2005691530002,7.28216076000007 37.2378311150002,7.31205988000016 37.2622680670001,7.3254303920001 37.3003080764517,7.33936320840215 37.3311576850001,7.3497085570001 37.3565902720002,7.36093187300008 37.3797340390001,7.38000059200016 37.390285491,7.40242242800008 37.3938520773807,7.44330098721217 37.407218932,7.49218034800009 37.4386558530001,7.54613542700014 37.4451026920001,7.56431674900006 37.4983444220001,7.60834073900003 37.5223121650001,7.64543914800009 37.54333496,7.68419170400017 37.5476837160002,7.70115327800011 37.5480155950002,7.7259955400001 37.564323426,7.77311992600011 37.582344056,7.84231615100015 37.5994529720001,7.89725685200017 37.6028289450001,7.96485798000015 37.5999221800001,8.01987743400002 37.592136382,8.09313392600018 37.6057624810001,8.15039920699996 37.6238861080001,8.20004367800004 37.6216812140001,8.20903396700004 37.573579393,8.22489592199997 37.5368589706407,8.22823781884304 37.4881742930001,8.252365838 37.4640846240001,8.28242111100019 37.4658257382464,8.3235950687671 37.471382141,8.350707054 37.498569488,8.40361881300004 37.5122108470001,8.41696929900013 37.5131477670137,8.43223309484732 37.5349349970001,8.42359161400015 37.5579795840001,8.42550945300013 37.5760803220001,8.41406917500018 37.5980377190001,8.36531639100008 37.611968994,8.35408592199997 37.666061401,8.38353729200003 37.6787071240001,8.37770748100019 37.704547882,8.33703518000016 37.717048645,8.33409500200008 37.7425880420001,8.34905529100007 37.8162574770001,8.33180523000016 37.862945557,8.33570480300011 37.8876266480002,8.34987545000013 37.9099884040001,8.37048626000018 37.927986145,8.37816715300005 37.9483757030001,8.36741638200004 37.98816681,8.35952568100004 38.0280418390001,8.39028263100005 38.0389251710002,8.38921737800013 38.06670761,8.37596702700006 38.0770950320001,8.38061714200018 38.0865364070002,8.39009761900002 38.110000611,8.39036846199997 38.122547149,8.40658760200012 38.1389541630001,8.40941810700008 38.1641807550001,8.40805053800017 38.180030823,8.39286708900005 38.2175445560001,8.40877818999996 38.2383346550001,8.40930748000005 38.282043458,8.39955711500005 38.289253236,8.38069629600011 38.311466217,8.36994648000012 38.3078727710001,8.32986450199996 38.3070335390001,8.2996931080001 38.347343445,8.25424099000008 38.3754959100002,8.26593685100016 38.3824043280001,8.27347183199998 38.4216346740001,8.28902244600005 38.430210114,8.29875087900001 38.4554770868501,8.31348141723301 38.461776346172,8.32607993587672 38.461776346172,8.34623756570665 38.4478034980002,8.36536598300012 38.4682884210002,8.43500518900009 38.5014534000001,8.44396877400004 38.5268440240001,8.45761966800012 38.5656738290002,8.44827938100008 38.5908813480001,8.42601871500017 38.6066886229112,8.43902306461218 38.639640808,8.41209793000002 38.6616439810001,8.37601566400008 38.6660232540002,8.32696056300017 38.6509513850002,8.28508186300007 38.6620635980001,8.27084159900005 38.7020530700001,8.24447059800008 38.682186126,8.19042778000005 38.6740154275793,8.16097298377858 38.6845130930001,8.12245464300014 38.672843933,8.08986377800011 38.612682342,8.04330158300002 38.5919303890001,7.97459840700003 38.5865058900001,7.93826007900003 38.5666008000002,7.90536499000012 38.563087463,7.88519621000006 38.512908936,7.84891033200012 38.4924430850002,7.79539346700017 38.444847107,7.75953388200008 38.4426231380002,7.73882770600011 38.4124336230001,7.68155336500013 38.4184936641898,7.63131528880567 38.4328773396124,7.6050862336233 38.4256629950001,7.55386972400015 38.4267501840001,7.51472139500009 38.3783569340001,7.49482107200009 38.3272438040001,7.46168184200013 38.3189125060002,7.41416740500011 38.3088684080001,7.40149259600008 38.279441834,7.38059950000013 38.2771759030001,7.36118364300012 38.281528474,7.33868360600013 38.265209197,7.30672407100019 38.1985931400002,7.26154994900008 38.154723862715,7.23320319088691 38.1401655745045,7.21304556105709 38.0780143730001,7.18026304200009 38.076393127,7.15408182100003 38.069473267,7.1223907480001 38.1155284713792,7.084260703811 38.107752952395,7.06943443414886 38.06142807,7.07221317400007 38.0632734911219,7.06027071553693 38.0641555780001,7.0433869360001 38.0733642570001,7.02960634300007 38.0878753670001,7.02294588100017 38.1019134520001,7.01077556500019 38.1171150200001,6.98091411600012 38.125888727981,6.96004397798929 38.1342311814054,6.93257685131008 38.1102218620001,6.85333347300013 38.0933532710002,6.82741069800011 38.0763511650001,6.78978920000003 38.062480927,6.73550558100015 38.0523910520001,6.71196270000007 38.0511665340001,6.69942665100018 38.0308876040002,6.67668914800009 38.027877808,6.66553020500004 38.0050354000001,6.6542119990001 37.9833755500001,6.6330943100001 37.9879409807872,6.56188483807392 37.8927764900001,6.59607076700019 37.8714828500001,6.5822286610001 37.8424758910001,6.54168510400007 37.8077735890001,6.50065517400003 37.7999267570002,6.47818136300015 37.7974548330001,6.42923927300001 37.8195953360001,6.39342784900009 37.840084076,6.37874698600018 37.8422591567833,6.35144682948831 37.8480453490001,6.27882242200008 37.8255653380001,6.22073173500019 37.7780952460001,6.14959669100006 37.7746963490001,6.12385559000018 37.789775848,6.04944181500008 37.7831764220001,6.01060009000003 37.7914848330001,5.99590969200005 37.8037376400001,5.99317884400006 37.7865676880002,5.97231388100005 37.7675094600002,5.95899248200016 37.7585487370001,5.94772148100009 37.7415290108067,5.93556266000248 37.7055015570002,5.90797805900007 37.680461884,5.88498592400009 37.6512718210001,5.84474229800009 37.591392517,5.82821083099998 37.5682029730002,5.81487941700004 37.5451278690002,5.79564762000018 37.5461311340001,5.77300548700003 37.55342102,5.73435211300017 37.565761566,5.69568872400009 37.5677337640001,5.62091207500015 37.57000351,5.59605980000009 37.62234497,5.52757024800019 37.69752121,5.46191740000012 37.629734039,5.26600980700005 37.317245483,5.17353105600006 37.1971588140001,5.2103147520001 37.1122283940001,5.18627214500009 37.0197467270165,5.19103852196765 36.9489669810002,5.19468641200018 36.8714408880002,5.02906036400015 36.8547401430001,4.73605966600013 36.8284797680002,4.70917463400002 36.6464080810002,4.71075725600002 36.6575317370001,4.58037376400006 36.6914939890001,4.49550819400002 36.7182006830002,4.43944406500009 36.656398774,4.44002294600011 36.640319823,4.44988489100012 36.616863251,4.44980907500008 36.5428276070001,4.43965291899997</coordinates></LinearRing></outerBoundaryIs></Polygon></MultiGeometry>
  </Placemark>
  <Placemark>
	<Style><LineStyle><color>ff0000ff</color></LineStyle><PolyStyle><fill>0</fill></PolyStyle></Style>
	<ExtendedData><SchemaData schemaUrl="#et_regions__zones">
		<SimpleData name="Region/Zon">SR</SimpleData>
	</SchemaData></ExtendedData>
      <MultiGeometry><Polygon><outerBoundaryIs><LinearRing><coordinates>37.190422058,4.25416755700007 37.1042366020002,4.29878997900016 37.0393943790002,4.36172437700014 36.8875160220001,4.42640733800016 36.7182006830002,4.43944406500009 36.6914939890001,4.49550819400002 36.6575317370001,4.58037376400006 36.6464080810002,4.71075725600002 36.8284797680002,4.70917463400002 36.8547401430001,4.73605966600013 36.8714408880002,5.02906036400015 36.9489669810002,5.19468641200018 37.1122283940001,5.18627214500009 37.1971588140001,5.2103147520001 37.317245483,5.17353105600006 37.629734039,5.26600980700005 37.69752121,5.46191740000012 37.62234497,5.52757024800019 37.57000351,5.59605980000009 37.5677337640001,5.62091207500015 37.565761566,5.69568872400009 37.55342102,5.73435211300017 37.5461311340001,5.77300548700003 37.5451278690002,5.79564762000018 37.5682029730002,5.81487941700004 37.591392517,5.82821083099998 37.6512718210001,5.84474229800009 37.680461884,5.88498592400009 37.7055015570002,5.90797805900007 37.7415290108067,5.93556266000248 37.7585487370001,5.94772148100009 37.7675094600002,5.95899248200016 37.7865676880002,5.97231388100005 37.8037376400001,5.99317884400006 37.7914848330001,5.99590969200005 37.7831764220001,6.01060009000003 37.789775848,6.04944181500008 37.7746963490001,6.12385559000018 37.7780952460001,6.14959669100006 37.8255653380001,6.22073173500019 37.8480453490001,6.27882242200008 37.840084076,6.37874698600018 37.8195953360001,6.39342784900009 37.7974548330001,6.42923927300001 37.7999267570002,6.47818136300015 37.8077735890001,6.50065517400003 37.8424758910001,6.54168510400007 37.8714828500001,6.5822286610001 37.8927764900001,6.59607076700019 37.9879409807872,6.56188483807392 37.9833755500001,6.6330943100001 38.0050354000001,6.6542119990001 38.027877808,6.66553020500004 38.0308876040002,6.67668914800009 38.0511665340001,6.69942665100018 38.0523910520001,6.71196270000007 38.062480927,6.73550558100015 38.0763511650001,6.78978920000003 38.0933532710002,6.82741069800011 38.1102218620001,6.85333347300013 38.1342311814054,6.93257685131008 38.125888727981,6.96004397798929 38.1171150200001,6.98091411600012 38.1019134520001,7.01077556500019 38.0878753670001,7.02294588100017 38.0733642570001,7.02960634300007 38.0641555780001,7.0433869360001 38.0632734911219,7.06027071553693 38.06142807,7.07221317400007 38.107752952395,7.06943443414886 38.1155284713792,7.084260703811 38.069473267,7.1223907480001 38.076393127,7.15408182100003 38.0780143730001,7.18026304200009 38.1401655745045,7.21304556105709 38.154723862715,7.23320319088691 38.1985931400002,7.26154994900008 38.265209197,7.30672407100019 38.281528474,7.33868360600013 38.2771759030001,7.36118364300012 38.279441834,7.38059950000013 38.3088684080001,7.40149259600008 38.3189125060002,7.41416740500011 38.3272438040001,7.46168184200013 38.3783569340001,7.49482107200009 38.4267501840001,7.51472139500009 38.4256629950001,7.55386972400015 38.4496269230001,7.58978319200014 38.4983291630001,7.63333320600015 38.5352172840002,7.66864299800011 38.5857276910001,7.65804290800003 38.6962089530001,7.68238258400004 38.7855911260002,7.66703271900019 38.784870148,7.68538236700005 38.8562393190001,7.70579004300015 38.875999451,7.66258525900008 38.8969039920001,7.66531229100013 38.8778152460001,7.61623191900014 38.888721467,7.59896278500003 38.8714523320002,7.57896709500005 38.875087738,7.5744228370001 38.866001129,7.50443792300013 38.8469123850002,7.47353553700009 38.8687286370001,7.45263099800019 38.888721467,7.41627502400019 38.9014472960002,7.38628149100015 38.8896331790002,7.35356140100004 38.9150810240001,7.34174585400007 38.9179725650002,7.32509183900009 38.8624114990001,7.3132324230001 38.8094215380002,7.27825260200018 38.8328704840002,7.2652525900001 38.8268372772958,7.23994494340447 38.8320503240002,7.24017238700003 38.822509766,7.22179222100016 38.8228607180001,7.19969225000011 38.8146591190002,7.15925836600019 38.8236579900002,7.15426206600011 38.828746796,7.15536260600004 38.8368644720001,7.15412473700007 38.8466300970001,7.14834690200007 38.844566345,7.14215660200006 38.847179413,7.11753320800017 38.862312317,7.111205579 38.8682289120001,7.09235954300016 38.8759307870001,7.10927963300003 38.8841857920002,7.10652828200017 38.8950538630001,7.08974552100005 38.8947753900001,7.07530164700012 38.920776366,7.0596199040001 38.9323310850002,7.05796909400016 38.9319190980001,7.07612705300016 38.942649841,7.08823251700011 38.958194732,7.08548116600008 38.9792480460001,7.10329389600008 38.989578248,7.07926225700004 39.0158996590002,7.04462194400014 39.0523185888358,7.00899824763736 38.9865913400002,6.98929214599997 38.9322814950002,6.95408201300017 38.7699470510001,6.92619228400014 38.7328472258616,6.882615695685 38.714084626,6.86057758400005 38.6398544300001,6.81268692000009 38.6356697090002,6.77171421100007 38.658210755,6.76962423300017 38.705551148,6.74204301800012 38.7273597730002,6.71197128300003 38.7422904970001,6.70094108600011 38.7793006890001,6.70021104800014 38.8335380560002,6.69166040400017 38.8377494810002,6.67491579000011 38.9017677310002,6.66565942800003 38.9344253530001,6.65561151500009 38.944458008,6.63027763300005 38.941677093,6.61033678100017 39.0112991330002,6.60909652800012 39.0321998600002,6.61180687000007 39.059307098,6.60878658300015 39.055471284555,6.57425400464443 39.0666699677938,6.55857584811012 39.1092154668409,6.5571239107989 39.0953979490001,6.47209024500012 39.1265014752132,6.33783839247405 39.1302131661841,6.33693726400708 39.156578063,6.33053636500011 39.2589797970001,6.26461124500008 39.3329582210001,6.14336109100014 39.3475189210002,6.05017089900002 39.4085121160001,5.92917299200008 39.467834473,5.88974285200004 39.4505157470001,5.83679294600017 39.457948031419,5.81630260264363 39.5747327508191,5.83602660048428 39.4967918400001,5.73059845000017 39.5469207770001,5.69841051100013 39.6142501820001,5.71820068400001 39.6839408880001,5.69729042100016 39.7147216800001,5.64525032000017 39.7252067537589,5.59388064630298 39.666500091,5.54780721700013 39.7027511590001,5.50878000300003 39.7403806210358,5.53994531806732 39.782249452,5.5156626700001 39.8408203120001,5.50582981200012 39.870342255,5.49033975600008 39.9420204160001,5.40373992800011 39.9791221620002,5.39580965100004 40.0336799610001,5.39678954999999 40.0979499830001,5.36487960800014 40.1744308470001,5.35337925100009 40.5328941340001,5.4106488220001 40.5810432430001,5.47594881200007 40.6053848260001,5.49028873400016 40.6330528250002,5.53006887500004 40.6795845030001,5.54063844799998 40.6943740830001,5.5671687140001 40.783443452,5.61464834100008 40.8322029120001,5.65589857200013 40.922294616,5.68337821900013 41.0073547370001,5.6894278530001 41.1277847300001,5.61463785100011 41.1774253840002,5.50601768600001 41.2582664490002,5.37641763800002 41.3044548040001,5.26099729500004 41.3275451660001,5.15108728400003 41.3714036718496,5.07309173583543 41.4041557310001,5.01484728000008 41.4845542910002,4.94787693000006 41.6088447570002,4.73325681700015 41.7212371840001,4.55069637300011 41.8592365458389,4.47070469200917 41.8608055110001,4.38257599000013 41.8901587681744,4.37333943419878 41.9275663189737,4.32134930121975 41.9815368660001,4.2680959700001 42.0415763850001,4.25023603400007 42.0588123602916,4.23040868081178 42.0620480198072,4.19864774671506 42.0670874272647,4.18408945850456 42.0662205022915,4.17313863081167 42.042087556,4.1124358190001 42.0053749080001,4.08631563200009 41.9824867260002,4.04906558900007 41.948417664,4.02516603400016 41.9267768850001,4.00256586000017 41.8406367053592,3.95668233023996 41.8436355590001,3.98073601700008 41.7672767640001,3.98042607299999 41.6976051340001,3.97210621800008 41.6279335020001,3.96379613900018 41.547657013,3.95645928500011 41.4971733090001,3.96112632799998 41.433013915,3.95968651800007 41.378635407,3.95733666400014 41.2793312070002,3.96457958300016 41.2151451110001,3.97492671000003 41.1721343980001,3.96167683699997 41.1127243040002,3.98685693700008 41.057003021,4.026447297 41.0072212230001,4.07779693600014 40.9813842770002,4.09248733600003 40.9369010930001,4.14825725500009 40.8951568590001,4.17552089700013 40.7921714780001,4.26988744700009 40.775180817,4.27719783700007 40.648960113,4.22114801500004 40.6469298867409,4.22546065095604 40.5293163600471,4.17801465661081 40.3845710760002,4.10103798000017 40.1263999930001,4.00243806900016 39.861888886,3.86408829599998 39.7710380560002,3.66836810199999 39.5594177250001,3.41365265900009 39.5116462710001,3.41038799400008 39.4984054560001,3.4537880420001 39.423717499,3.45709324000018 39.3339881890001,3.46621608700013 39.2799453740001,3.47286820400012 39.1525001520001,3.50189328200003 39.106456757,3.51911854900004 39.0928649900002,3.53397870000003 39.0808372490002,3.53862857800004 39.0657005300002,3.52791357100011 39.0468139650001,3.52153849700005 39.0313949580002,3.52451872900008 39.024219513,3.52193355600014 39.0152854920001,3.51278853500014 39.0016746520001,3.52092862100005 38.9832267750001,3.52031874700003 38.9627151490001,3.5282387740001 38.946876527,3.51286864300016 38.9076499940001,3.50965881300016 38.8362846370001,3.53176379200011 38.8161683761531,3.5292742115693 38.7598228460001,3.55447173100004 38.7124023440001,3.56909895100006 38.6835441600001,3.61730408700009 38.6703758250001,3.61977911100007 38.6694412240001,3.60606718100013 38.6551895140001,3.59400415500016 38.6103782660002,3.60382914600012 38.6097412110001,3.61112928500006 38.5886421200001,3.60418414999998 38.5610847470001,3.60962414700009 38.5513229370001,3.61745929700015 38.543888093,3.63901686700001 38.5327529910001,3.65270924600009 38.5135955810001,3.64697766300003 38.5173530570001,3.62632417700019 38.47618866,3.6109042170001 38.4487533570002,3.62645578400014 38.4371948240001,3.60125875500017 38.1884574880002,3.6179595000001 38.096805573,3.63139963200013 38.0138549810001,3.70218229200003 37.8016052250001,3.84443521500003 37.5971794130002,3.98503088899997 37.406799317,4.11423111000005 37.190422058,4.25416755700007</coordinates></LinearRing></outerBoundaryIs></Polygon></MultiGeometry>
  </Placemark>
  <Placemark>
	<Style><LineStyle><color>ff0000ff</color></LineStyle><PolyStyle><fill>0</fill></PolyStyle></Style>
	<ExtendedData><SchemaData schemaUrl="#et_regions__zones">
		<SimpleData name="Region/Zon">SER</SimpleData>
	</SchemaData></ExtendedData>
      <MultiGeometry><Polygon><outerBoundaryIs><LinearRing><coordinates>40.5625267030001,7.88187837700008 40.6433372490002,7.88680839600005 40.6413938747766,7.81461861954477 40.6195298147646,7.72309058617496 40.5357072827247,7.55444974810924 40.4716739424302,7.50105279622305 40.3230789661016,7.45818069501069 40.2929722002476,7.42945042314958 40.225014895745,7.45445535592086 40.0711356653172,7.4806039838263 39.917969318821,7.4813614543423 39.7962958939045,7.47220999527607 39.662300250113,7.36489737443701 39.6062525997555,7.32265418375508 39.5619150550039,7.31728156495441 39.5125005330494,7.28458021540947 39.464105303696,7.27437183640697 39.3988867084693,7.26866594867354 39.2960194657613,7.28356361134979 39.2015269507903,7.30516831282847 39.1207078719575,7.307059077232 39.0725720011374,7.29388621662829 38.9779763332006,7.33845942670898 38.9179725650002,7.32509183900009 38.9150810240001,7.34174585400007 38.8896331790002,7.35356140100004 38.9014472960002,7.38628149100015 38.888721467,7.41627502400019 38.8687286370001,7.45263099800019 38.8469123850002,7.47353553700009 38.866001129,7.50443792300013 38.875087738,7.5744228370001 38.8714523320002,7.57896709500005 38.888721467,7.59896278500003 38.8778152460001,7.61623191900014 38.8969039920001,7.66531229100013 38.875999451,7.66258525900008 38.8562393190001,7.70579004300015 38.8439184436417,7.70226694711955 38.784870148,7.68538236700005 38.7855911260002,7.66703271900019 38.6962089530001,7.68238258400004 38.5857276910001,7.65804290800003 38.5352172840002,7.66864299800011 38.4983291630001,7.63333320600015 38.4496269230001,7.58978319200014 38.4256629950001,7.55386972400015 38.4328773396124,7.6050862336233 38.4184936641898,7.63131528880567 38.4124336230001,7.68155336500013 38.4426231380002,7.73882770600011 38.444847107,7.75953388200008 38.4924430850002,7.79539346700017 38.512908936,7.84891033200012 38.563087463,7.88519621000006 38.5666008000002,7.90536499000012 38.5865058900001,7.93826007900003 38.5919303890001,7.97459840700003 38.612682342,8.04330158300002 38.672843933,8.08986377800011 38.6845130930001,8.12245464300014 38.6740154275793,8.16097298377858 38.682186126,8.19042778000005 38.7020530700001,8.24447059800008 38.6620635980001,8.27084159900005 38.6509513850002,8.28508186300007 38.6660232540002,8.32696056300017 38.6873207090001,8.33037281100002 38.7043724060001,8.35274219600018 38.7355003370001,8.38272285400012 38.7569174810336,8.40300467545225 38.7610931390001,8.41200256300004 38.7617607120002,8.42765235900015 38.7594223030001,8.4499626170001 38.7546099751103,8.46030038639666 38.7533607490001,8.49275207500006 38.7626953130002,8.53542613900004 38.7604522710002,8.55351257400002 38.7463531500001,8.56384277300009 38.728790283,8.56887245200011 38.7223014830001,8.58312225399999 38.7169532780001,8.61303234100006 38.7268829350002,8.62501239700009 38.7476615910001,8.64023208600003 38.7506408690002,8.66049289700015 38.7480812070002,8.68119239700007 38.741363526,8.70258236000018 38.736721039,8.72351265000003 38.735782623,8.74330234500007 38.739681243,8.77092266200003 38.7344136246201,8.80317957417543 38.7537536620001,8.81259250700015 38.7560167379646,8.81545516048726 38.7648154002267,8.81363522233361 38.7793942644011,8.81329979338095 38.7867417151233,8.81673496514716 38.7984785519912,8.82923517351865 38.8123868135802,8.83691148716638 38.818480499102,8.8452604650571 38.8296505738135,8.85092265489196 38.8356240850537,8.85836608774617 38.862172361823,8.87093434190291 38.8703079801601,8.87231470561583 38.8787255795589,8.88216008726401 38.887077357128,8.88782393642011 38.8960007429487,8.88858248634418 38.898507701628,8.88707831113659 38.9015160520432,8.885574135929 38.9085371293043,8.88513143856596 38.9161821696612,8.88955751456206 38.91135372312,8.89921440764444 38.9135494537039,8.90663258883527 38.9135494537039,8.91014233098632 38.9135494537039,8.91264928966564 38.9220016034178,8.92074433251296 38.9240786801571,8.93019800042086 38.9358718584761,8.94146866995987 38.9483379202921,8.96597409410139 38.9484167073034,8.9770568003527 38.9485166540387,8.97710341761885 38.9484172243269,8.97712952833499 38.9548072810002,8.97545146900006 39.018242066159,8.96803550804489 39.059562682,8.99159145500005 39.0855913904266,9.01702347850855 39.100963592,9.0378217710001 39.112291911712,9.0611253772977 39.1278266910001,9.08840179400011 39.1463356010001,9.10772132900019 39.1657638560001,9.11691093500008 39.188655854,9.12058162700004 39.213603973,9.10241127 39.2495231630002,9.13558578500016 39.2666564810393,9.13716947321419 39.271169006662,9.14619452445968 39.3281572063291,9.06198776986454 39.2967529290001,9.05326938700017 39.2881889350002,8.9989786160001 39.2585983290002,8.96263599299999 39.265380859,8.92238521700017 39.2410163880002,8.88892269100006 39.2374916070001,8.86202526100016 39.2439842220001,8.83661461000008 39.2589874270002,8.80372714900005 39.2719917290001,8.78304481500015 39.272983551,8.76685428600018 39.2619514460001,8.74693584500017 39.3086793759011,8.73442656138404 39.3206401412643,8.7317452103167 39.3420486440001,8.72694587600006 39.3771018990001,8.730896949 39.4492263790002,8.75223827400004 39.4702453610001,8.7417516700001 39.5094867661134,8.73442656138404 39.5337753290002,8.75796032000005 39.5512049815932,8.76401293709733 39.6170234670001,8.78686904900002 39.634067536,8.79879569999997 39.6621360780002,8.8131923680001 39.7368850710001,8.85720920500012 39.7482948310002,8.94674301100008 39.7610600695815,9.00404996734316 39.7863540640002,9.1084461210001 39.8174209600001,9.13631439200014 39.8490066530001,9.13812923400019 39.877658845,9.14472961400008 39.90901947,9.13179969800012 39.912280661753,9.11898129214048 39.918746948,9.06840992000014 39.9283981330001,9.05414962900016 39.942459107,9.04768943800008 39.9518699650001,9.02998924200017 39.9476280210002,9.00359916700006 39.999557495,9.00715923399997 40.034820557,8.99444961600017 40.0474586490001,8.97788906000005 40.05109787,8.96135902300006 40.0366172790002,8.90652942600013 40.0192680360001,8.88912963900015 40.0109176640001,8.87077903800014 40.0104103080001,8.85608959300004 40.024219513,8.84504890500011 40.0403480530001,8.841109276 40.0669555660001,8.84396934500012 40.0899772640001,8.85866928100012 40.0774879460001,8.7657489770001 40.0251770020001,8.68803978000005 40.0450973510002,8.63452911300004 40.1768684380001,8.61867904800016 40.1885795600001,8.60419940899999 40.1824684130001,8.55900955200013 40.2103080750002,8.54931926800003 40.2472305300001,8.57011890500013 40.2857894900001,8.60467910700009 40.3154983520001,8.60323905900015 40.3146200487093,8.58941467027799 40.3097314792847,8.57662918101354 40.3187980640001,8.55252838100006 40.3171031543616,8.53769187313217 40.3281173710001,8.51006889400014 40.3251492751624,8.46456812804865 40.3245773320001,8.39928913199998 40.33731842,8.34351921100011 40.3829383850002,8.27600860600012 40.4050674440001,8.20211887300002 40.3790969850001,8.11293888200015 40.3935394290001,8.08814906999999 40.396198273,8.04134845700008 40.445308685,7.99725866400007 40.4484481820002,7.95640897700014 40.4778366090002,7.92720890100014 40.5625267030001,7.88187837700008</coordinates></LinearRing></outerBoundaryIs></Polygon></MultiGeometry>
  </Placemark>
  <Placemark>
	<Style><LineStyle><color>ff0000ff</color></LineStyle><PolyStyle><fill>0</fill></PolyStyle></Style>
	<ExtendedData><SchemaData schemaUrl="#et_regions__zones">
		<SimpleData name="Region/Zon">WAAZ</SimpleData>
	</SchemaData></ExtendedData>
      <MultiGeometry><Polygon><outerBoundaryIs><LinearRing><coordinates>38.7426864485733,9.02777598096904 38.7417463390685,9.02669485503859 38.7407230952142,9.02422248005827 38.7423104047714,9.02312243892058 38.7435325471276,9.02208831846537 38.7446606785332,9.02105419801016 38.7450367223351,9.0194560118521 38.745412766137,9.01813985854547 38.7462588646913,9.01757579284262 38.7461859755494,9.01647295895523 38.7455988906813,9.015937945815 38.7432721196571,9.01609658929392 38.7412626355907,9.01641387625177 38.7381955283315,9.01651963857106 38.7364504500633,9.01694268784819 38.7352341833915,9.0172070936464 38.733541986283,9.01741861828497 38.7324485728241,9.01770565746098 38.7310565717798,9.01725997480604 38.7300518297466,9.01667828204998 38.7294172558309,9.015937945815 38.7296064663853,9.01340192467201 38.7265769759285,9.01342481661621 38.7205332210111,9.01345253131183 38.7204974757578,9.01440898802263 38.7175498421655,9.01630315153815 38.7149278180891,9.01768302408318 38.7152377286883,9.01993256310921 38.715880403538,9.02098608042759 38.7172138446687,9.0219515140248 38.7154510254737,9.02605124039401 38.7172447317737,9.0281054188959 38.7141638439631,9.02962177700253 38.7139976046018,9.02968984679251 38.7137371007808,9.02983181239614 38.713387861593,9.0316772125098 38.711629365261,9.03280843883001 38.7098542643464,9.03210274809886 38.7077035939915,9.03286436720673 38.7070646986796,9.03553343643715 38.7055345572875,9.03538058551002 38.7019522730591,9.03501905139623 38.7015197689792,9.03097784139972 38.697754127907,9.02917819767442 38.6906895674902,9.03037484021392 38.6893953571752,9.03255383323894 38.6894401317992,9.03451754533942 38.685498106524,9.03618385601215 38.6824705374378,9.03594465121287 38.6812170580981,9.03494186774114 38.6798559087387,9.03103177701332 38.6748657946406,9.0316829760498 38.6695778620797,9.02579195132256 38.6661318058476,9.02470549625127 38.6584037341163,9.02466333715594 38.6552099936507,9.02493303164745 38.6527276510046,9.02105117449772 38.6540165564275,9.01538759004247 38.6560848558539,9.0094016186898 38.6555037162563,9.00512893748739 38.6483160542962,8.99947043845313 38.6408213333712,8.99793908036979 38.632981893156,8.9981258950233 38.6349739180634,9.01621348118221 38.6425599223804,9.03367560432711 38.6425599223804,9.05142399178586 38.6379081272804,9.06130011061371 38.6363336735542,9.0668822647338 38.6365960825086,9.07346634395237 38.6395302917255,9.07883379983707 38.6494779766319,9.09035593846957 38.6546307342812,9.09407737454963 38.6577080756551,9.09550869611888 38.6831395378645,9.09656572360964 38.7075180662651,9.09765567847276 38.7105663995123,9.09804154344076 38.7188255066622,9.09908700004202 38.7309826756488,9.09866514244311 38.7325581983701,9.08821966661849 38.7337965033644,9.08607970267271 38.7348908587052,9.07718327491277 38.7396994593135,9.07640964430576 38.7471001960243,9.07603520506179 38.7493612260569,9.07793082304686 38.7512414450664,9.0781188449478 38.7526453256753,9.08030755134526 38.7556739493584,9.07638672202962 38.7534710160714,9.07288319695978 38.7532100499097,9.07061311865339 38.7558690308062,9.06894651819603 38.7563338132275,9.06740713222051 38.7551124846269,9.06415488543965 38.7555090917454,9.06253224786505 38.753390508432,9.05994093707977 38.7532682637478,9.05801753715229 38.7539413714243,9.05648330335628 38.7556950316286,9.05571787413322 38.7570692466452,9.05222809086519 38.7545524479005,9.04702033819156 38.7567915134025,9.04450857322662 38.7566578856121,9.04198920763692 38.7575720265033,9.04076319431356 38.7575720265033,9.04076319431356 38.757117129471,9.04056147023349 38.7565060582929,9.03868125122401 38.755829663772,9.03712247357588 38.7578741085752,9.03343470921558 38.7576443386997,9.03199035964399 38.7585742992034,9.03022026568136 38.7585742992034,9.0293741671271 38.7583392718272,9.02838705214712 38.7577752061243,9.02796400286999 38.7570231185205,9.02791699739475 38.7559643710598,9.02842313844855 38.7537508169646,9.03019822433763 38.753117862044,9.031218657492 38.7518995217197,9.0307843313842 38.7495022424826,9.03007924925565 38.7485993271237,9.02951328895812 38.7471519687208,9.03007924925565 38.7459768318399,9.03120738066133 38.7452247442361,9.03134839708705 38.7437975261896,9.03112830616947 38.7426864485733,9.02777598096904</coordinates></LinearRing></outerBoundaryIs></Polygon></MultiGeometry>
  </Placemark>
</Folder>
</Document></kml>
